district,population,output,input,spearman_rho,p_value,abs_rho,expected_sign,sign_matches,distinguishable_from_zero,sign_consistent,rank
Dhaka,adult,HI,C_mg_per_L,0.9915978410079784,0.0,0.9915978410079784,1,True,True,True,1.0
Dhaka,adult,HI,IR_L_per_day,0.1008519101765191,5.0030142020749395e-24,0.1008519101765191,1,True,True,True,2.0
Dhaka,adult,HI,BW_kg,-0.03189038793090388,0.0014254315255250339,0.03189038793090388,-1,True,False,True,4.0
Dhaka,adult,HI,EF_days_per_year,0.03909925193499252,9.194072716813142e-05,0.03909925193499252,1,True,True,True,3.0
Dhaka,adult,HI,ET_h_per_day,-0.0015630127476301274,0.8758108767860998,0.0015630127476301274,1,False,False,True,5.0
Dhaka,adult,HI,SA_m2,-0.0005602382576023825,0.9553284023804933,0.0005602382576023825,1,False,False,True,6.0
Dhaka,adult,ELCR,C_mg_per_L,0.9915533565755336,0.0,0.9915533565755336,1,True,True,True,1.0
Dhaka,adult,ELCR,IR_L_per_day,0.10117082949970829,3.6021895761428946e-24,0.10117082949970829,1,True,True,True,2.0
Dhaka,adult,ELCR,BW_kg,-0.03188892475888924,0.0014261537331019178,0.03188892475888924,-1,True,False,True,4.0
Dhaka,adult,ELCR,EF_days_per_year,0.039093970782939705,9.214219722631521e-05,0.039093970782939705,1,True,True,True,3.0
Dhaka,adult,ELCR,ET_h_per_day,-0.001689628216896282,0.8658424037948443,0.001689628216896282,0,True,False,True,5.0
Dhaka,adult,ELCR,SA_m2,-0.0007100922191009221,0.9433974735952454,0.0007100922191009221,0,True,False,True,6.0
Dhaka,child,HI,C_mg_per_L,0.9897815120138151,0.0,0.9897815120138151,1,True,True,True,1.0
Dhaka,child,HI,IR_L_per_day,0.10823895721438957,1.8995926391455723e-27,0.10823895721438957,1,True,True,True,2.0
Dhaka,child,HI,BW_kg,-0.06180148291801483,6.198902284957713e-10,0.06180148291801483,-1,True,True,True,3.0
Dhaka,child,HI,EF_days_per_year,0.024944745453447457,0.012611665684508168,0.024944745453447457,1,True,False,True,4.0
Dhaka,child,HI,ET_h_per_day,0.009397470705974706,0.3473969446966398,0.009397470705974706,1,True,False,True,5.0
Dhaka,child,HI,SA_m2,0.0030867844748678447,0.7575949365955084,0.0030867844748678447,1,True,False,True,6.0
Dhaka,child,ELCR,C_mg_per_L,0.9897624718656247,0.0,0.9897624718656247,1,True,True,True,1.0
Dhaka,child,ELCR,IR_L_per_day,0.1083816107678161,1.6226046551619673e-27,0.1083816107678161,1,True,True,True,2.0
Dhaka,child,ELCR,BW_kg,-0.06179929898999299,6.207514019083452e-10,0.06179929898999299,-1,True,True,True,3.0
Dhaka,child,ELCR,EF_days_per_year,0.024939745605397457,0.012629450765899714,0.024939745605397457,1,True,False,True,4.0
Dhaka,child,ELCR,ET_h_per_day,0.009339042501390424,0.3504030105934863,0.009339042501390424,0,True,False,True,5.0
Dhaka,child,ELCR,SA_m2,0.003021238650212387,0.7625859048568808,0.003021238650212387,0,True,False,True,6.0
Chittagong,adult,HI,C_mg_per_L,0.9593189682291898,0.0,0.9593189682291898,1,True,True,True,1.0
Chittagong,adult,HI,IR_L_per_day,0.23133398430933985,1.3445812134891452e-121,0.23133398430933985,1,True,True,True,2.0
Chittagong,adult,HI,BW_kg,-0.10950890191508904,4.635777660471205e-28,0.10950890191508904,-1,True,True,True,3.0
Chittagong,adult,HI,EF_days_per_year,0.06975130408951304,2.89428726033888e-12,0.06975130408951304,1,True,True,True,4.0
Chittagong,adult,HI,ET_h_per_day,-0.00803145899631459,0.4219409510746481,0.00803145899631459,1,False,False,True,6.0
Chittagong,adult,HI,SA_m2,0.010498050416980506,0.29385480757512694,0.010498050416980506,1,True,False,True,5.0
Chittagong,adult,ELCR,C_mg_per_L,0.959117198451172,0.0,0.959117198451172,1,True,True,True,1.0
Chittagong,adult,ELCR,IR_L_per_day,0.23204009016440091,2.3802927878398733e-122,0.23204009016440091,1,True,True,True,2.0
Chittagong,adult,ELCR,BW_kg,-0.10947712479877124,4.80327705558534e-28,0.10947712479877124,-1,True,True,True,3.0
Chittagong,adult,ELCR,EF_days_per_year,0.06974851418548514,2.9000630058248243e-12,0.06974851418548514,1,True,True,True,4.0
Chittagong,adult,ELCR,ET_h_per_day,-0.008318787287187874,0.4055279812554396,0.008318787287187874,0,True,False,True,6.0
Chittagong,adult,ELCR,SA_m2,0.010153299473532995,0.30999658941730385,0.010153299473532995,0,True,False,True,5.0
Chittagong,child,HI,C_mg_per_L,0.9520416469964165,0.0,0.9520416469964165,1,True,True,True,1.0
Chittagong,child,HI,IR_L_per_day,0.2217799091377991,1.1329453544020552e-111,0.2217799091377991,1,True,True,True,2.0
Chittagong,child,HI,BW_kg,-0.15705910499859105,3.0088275184796715e-56,0.15705910499859105,-1,True,True,True,3.0
Chittagong,child,HI,EF_days_per_year,0.06839499841194999,7.559259426050785e-12,0.06839499841194999,1,True,True,True,4.0
Chittagong,child,HI,ET_h_per_day,-0.011540823739408236,0.24850979049653624,0.011540823739408236,1,False,False,True,5.0
Chittagong,child,HI,SA_m2,-0.0037471713974717136,0.7079047067090415,0.0037471713974717136,1,False,False,True,6.0
Chittagong,child,ELCR,C_mg_per_L,0.9519606187956061,0.0,0.9519606187956061,1,True,True,True,1.0
Chittagong,child,ELCR,IR_L_per_day,0.2220771115567711,5.65457722708877e-112,0.2220771115567711,1,True,True,True,2.0
Chittagong,child,ELCR,BW_kg,-0.15704214569842145,3.092439871848341e-56,0.15704214569842145,-1,True,True,True,3.0
Chittagong,child,ELCR,EF_days_per_year,0.06839185791591858,7.57592092041294e-12,0.06839185791591858,1,True,True,True,4.0
Chittagong,child,ELCR,ET_h_per_day,-0.011658298796582988,0.2437261527110034,0.011658298796582988,0,True,False,True,5.0
Chittagong,child,ELCR,SA_m2,-0.0038981794709817947,0.6967061132575861,0.0038981794709817947,0,True,False,True,6.0
Rajshahi,adult,HI,C_mg_per_L,0.9977253272452533,0.0,0.9977253272452533,1,True,True,True,1.0
Rajshahi,adult,HI,IR_L_per_day,0.06337588652175886,2.2508001714169647e-10,0.06337588652175886,1,True,True,True,2.0
Rajshahi,adult,HI,BW_kg,-0.02174678191346782,0.029655342728052054,0.02174678191346782,-1,True,False,True,3.0
Rajshahi,adult,HI,EF_days_per_year,0.01352453791524538,0.17626447332580147,0.01352453791524538,1,True,False,True,5.0
Rajshahi,adult,HI,ET_h_per_day,0.0016058374840583747,0.8724369857967939,0.0016058374840583747,1,True,False,True,6.0
Rajshahi,adult,HI,SA_m2,0.020913437393134372,0.036500193720334306,0.020913437393134372,1,True,False,True,4.0
Rajshahi,adult,ELCR,C_mg_per_L,0.9977143504011435,0.0,0.9977143504011435,1,True,True,True,1.0
Rajshahi,adult,ELCR,IR_L_per_day,0.06353465079534651,2.0294475947185064e-10,0.06353465079534651,1,True,True,True,2.0
Rajshahi,adult,ELCR,BW_kg,-0.02174707096947071,0.029653174605319233,0.02174707096947071,-1,True,False,True,3.0
Rajshahi,adult,ELCR,EF_days_per_year,0.013520586675205868,0.17639085000703078,0.013520586675205868,1,True,False,True,5.0
Rajshahi,adult,ELCR,ET_h_per_day,0.0015390966993909668,0.877696058013622,0.0015390966993909668,0,True,False,True,6.0
Rajshahi,adult,ELCR,SA_m2,0.020835704500357044,0.037202380238592465,0.020835704500357044,0,True,False,True,4.0
Rajshahi,child,HI,C_mg_per_L,0.9971650784396509,0.0,0.9971650784396509,1,True,True,True,1.0
Rajshahi,child,HI,IR_L_per_day,0.05397732745177328,6.627212876321278e-08,0.05397732745177328,1,True,True,True,2.0
Rajshahi,child,HI,BW_kg,-0.026848393552483932,0.0072532476334328366,0.026848393552483932,-1,True,False,True,3.0
Rajshahi,child,HI,EF_days_per_year,0.019271820036718203,0.05396467089125794,0.019271820036718203,1,True,False,True,4.0
Rajshahi,child,HI,ET_h_per_day,-0.00019412155394121552,0.9845142493170828,0.00019412155394121552,1,False,False,True,6.0
Rajshahi,child,HI,SA_m2,0.006742208431422085,0.5002196270794325,0.006742208431422085,1,True,False,True,5.0
Rajshahi,child,ELCR,C_mg_per_L,0.9971598543595984,0.0,0.9971598543595984,1,True,True,True,1.0
Rajshahi,child,ELCR,IR_L_per_day,0.05405182172451821,6.356889953211857e-08,0.05405182172451821,1,True,True,True,2.0
Rajshahi,child,ELCR,BW_kg,-0.026847939556479395,0.0072542333457601155,0.026847939556479395,-1,True,False,True,3.0
Rajshahi,child,ELCR,EF_days_per_year,0.019268546688685467,0.05400547428752143,0.019268546688685467,1,True,False,True,4.0
Rajshahi,child,ELCR,ET_h_per_day,-0.00022274537022745372,0.9822311812743845,0.00022274537022745372,0,True,False,True,6.0
Rajshahi,child,ELCR,SA_m2,0.006708344323083443,0.5023746311547578,0.006708344323083443,0,True,False,True,5.0
Khulna,adult,HI,C_mg_per_L,0.9916364073283641,0.0,0.9916364073283641,1,True,True,True,1.0
Khulna,adult,HI,IR_L_per_day,0.09820047806200477,7.376701162089694e-23,0.09820047806200477,1,True,True,True,2.0
Khulna,adult,HI,BW_kg,-0.05323972252039722,9.980161116162004e-08,0.05323972252039722,-1,True,True,True,3.0
Khulna,adult,HI,EF_days_per_year,0.0212839601008396,0.03330633388135289,0.0212839601008396,1,True,False,True,4.0
Khulna,adult,HI,ET_h_per_day,0.0013243654332436546,0.8946520599837129,0.0013243654332436546,1,True,False,True,6.0
Khulna,adult,HI,SA_m2,-0.010084993588849936,0.31326298616253173,0.010084993588849936,1,False,False,True,5.0
Khulna,adult,ELCR,C_mg_per_L,0.9915939009879391,0.0,0.9915939009879391,1,True,True,True,1.0
Khulna,adult,ELCR,IR_L_per_day,0.09851881850518819,5.360405123975717e-23,0.09851881850518819,1,True,True,True,2.0
Khulna,adult,ELCR,BW_kg,-0.053236618876366194,9.997256315032202e-08,0.053236618876366194,-1,True,True,True,3.0
Khulna,adult,ELCR,EF_days_per_year,0.02127518103275181,0.033379148493484584,0.02127518103275181,1,True,False,True,4.0
Khulna,adult,ELCR,ET_h_per_day,0.0011953385639533857,0.9048642225674468,0.0011953385639533857,0,True,False,True,6.0
Khulna,adult,ELCR,SA_m2,-0.01022854912228549,0.3064242669730453,0.01022854912228549,0,True,False,True,5.0
Khulna,child,HI,C_mg_per_L,0.9896977602569776,0.0,0.9896977602569776,1,True,True,True,1.0
Khulna,child,HI,IR_L_per_day,0.10280564315605643,6.57901387824304e-25,0.10280564315605643,1,True,True,True,2.0
Khulna,child,HI,BW_kg,-0.05963519912035199,2.400526215383064e-09,0.05963519912035199,-1,True,True,True,3.0
Khulna,child,HI,EF_days_per_year,0.026795869215958692,0.007368088650350985,0.026795869215958692,1,True,False,True,4.0
Khulna,child,HI,ET_h_per_day,0.024062857548628577,0.016113554210314775,0.024062857548628577,1,True,False,True,5.0
Khulna,child,HI,SA_m2,0.008750487471504875,0.38159778750308404,0.008750487471504875,1,True,False,True,6.0
Khulna,child,ELCR,C_mg_per_L,0.9896800268848003,0.0,0.9896800268848003,1,True,True,True,1.0
Khulna,child,ELCR,IR_L_per_day,0.10293959361339594,5.716529682629412e-25,0.10293959361339594,1,True,True,True,2.0
Khulna,child,ELCR,BW_kg,-0.05963007459230074,2.4080946190988955e-09,0.05963007459230074,-1,True,True,True,3.0
Khulna,child,ELCR,EF_days_per_year,0.026796009123960095,0.007367780596636604,0.026796009123960095,1,True,False,True,4.0
Khulna,child,ELCR,ET_h_per_day,0.024007460196074602,0.016359637117732386,0.024007460196074602,0,True,False,True,5.0
Khulna,child,ELCR,SA_m2,0.00868818093888181,0.3849970826228291,0.00868818093888181,0,True,False,True,6.0
Barisal,adult,HI,C_mg_per_L,0.9888780360247803,0.0,0.9888780360247803,1,True,True,True,1.0
Barisal,adult,HI,IR_L_per_day,0.11725523634855237,5.936571013577541e-32,0.11725523634855237,1,True,True,True,2.0
Barisal,adult,HI,BW_kg,-0.02597077822370778,0.009398958985765685,0.02597077822370778,-1,True,False,True,4.0
Barisal,adult,HI,EF_days_per_year,0.05185250595852505,2.1245912482604438e-07,0.05185250595852505,1,True,True,True,3.0
Barisal,adult,HI,ET_h_per_day,0.005244623728446237,0.6000000662850214,0.005244623728446237,1,True,False,True,5.0
Barisal,adult,HI,SA_m2,-0.002798508567985086,0.7796183524027464,0.002798508567985086,1,False,False,True,6.0
Barisal,adult,ELCR,C_mg_per_L,0.988821805356218,0.0,0.988821805356218,1,True,True,True,1.0
Barisal,adult,ELCR,IR_L_per_day,0.11761017418810174,3.8790665915422993e-32,0.11761017418810174,1,True,True,True,2.0
Barisal,adult,ELCR,BW_kg,-0.025966782511667827,0.009409903076150779,0.025966782511667827,-1,True,False,True,4.0
Barisal,adult,ELCR,EF_days_per_year,0.05185285643052857,2.1241907731212715e-07,0.05185285643052857,1,True,True,True,3.0
Barisal,adult,ELCR,ET_h_per_day,0.00510906899109069,0.6094586397366637,0.00510906899109069,0,True,False,True,5.0
Barisal,adult,ELCR,SA_m2,-0.0029632222256322223,0.7670118060064823,0.0029632222256322223,0,True,False,True,6.0
Barisal,child,HI,C_mg_per_L,0.9862025399500253,0.0,0.9862025399500253,1,True,True,True,1.0
Barisal,child,HI,IR_L_per_day,0.10402760655227607,1.8133217185569113e-25,0.10402760655227607,1,True,True,True,2.0
Barisal,child,HI,BW_kg,-0.07650133126501331,1.853489058744455e-14,0.07650133126501331,-1,True,True,True,3.0
Barisal,child,HI,EF_days_per_year,0.026822481484224815,0.007309700411772169,0.026822481484224815,1,True,False,True,4.0
Barisal,child,HI,ET_h_per_day,-0.007072408282724083,0.47946626936123526,0.007072408282724083,1,False,False,True,5.0
Barisal,child,HI,SA_m2,0.00625432515854325,0.5317345148799681,0.00625432515854325,1,True,False,True,6.0
Barisal,child,ELCR,C_mg_per_L,0.9861769341937694,0.0,0.9861769341937694,1,True,True,True,1.0
Barisal,child,ELCR,IR_L_per_day,0.10418472290184722,1.534724536066923e-25,0.10418472290184722,1,True,True,True,2.0
Barisal,child,ELCR,BW_kg,-0.0765055505370555,1.84738326949564e-14,0.0765055505370555,-1,True,True,True,3.0
Barisal,child,ELCR,EF_days_per_year,0.026825337172253372,0.007303459659404844,0.026825337172253372,1,True,False,True,4.0
Barisal,child,ELCR,ET_h_per_day,-0.0071297572672975726,0.4759103252140293,0.0071297572672975726,0,True,False,True,5.0
Barisal,child,ELCR,SA_m2,0.006176960617769607,0.5368227346089507,0.006176960617769607,0,True,False,True,6.0
Sylhet,adult,HI,C_mg_per_L,0.969200701904007,0.0,0.969200701904007,1,True,True,True,1.0
Sylhet,adult,HI,IR_L_per_day,0.18999252482792525,6.373107531895667e-82,0.18999252482792525,1,True,True,True,2.0
Sylhet,adult,HI,BW_kg,-0.09575422180554222,8.288086714910529e-22,0.09575422180554222,-1,True,True,True,3.0
Sylhet,adult,HI,EF_days_per_year,0.0541423400774234,6.04277253643369e-08,0.0541423400774234,1,True,True,True,4.0
Sylhet,adult,HI,ET_h_per_day,-0.019158310055583102,0.055394718619320986,0.019158310055583102,1,False,False,True,5.0
Sylhet,adult,HI,SA_m2,-0.00402424494424245,0.6874074643070527,0.00402424494424245,1,False,False,True,6.0
Sylhet,adult,ELCR,C_mg_per_L,0.969051407718514,0.0,0.969051407718514,1,True,True,True,1.0
Sylhet,adult,ELCR,IR_L_per_day,0.19057245383772456,2.0224822106713838e-82,0.19057245383772456,1,True,True,True,2.0
Sylhet,adult,ELCR,BW_kg,-0.095752099437521,8.305280218567544e-22,0.095752099437521,-1,True,True,True,3.0
Sylhet,adult,ELCR,EF_days_per_year,0.05412985888929858,6.085173563669712e-08,0.05412985888929858,1,True,True,True,4.0
Sylhet,adult,ELCR,ET_h_per_day,-0.019393993585939934,0.05246003636251122,0.019393993585939934,0,True,False,True,5.0
Sylhet,adult,ELCR,SA_m2,-0.004288042758880427,0.6681032456019316,0.004288042758880427,0,True,False,True,6.0
Sylhet,child,HI,C_mg_per_L,0.9608534937445349,0.0,0.9608534937445349,1,True,True,True,1.0
Sylhet,child,HI,IR_L_per_day,0.1969853615658536,4.843561312060304e-88,0.1969853615658536,1,True,True,True,2.0
Sylhet,child,HI,BW_kg,-0.11379924369399244,3.494780017591537e-30,0.11379924369399244,-1,True,True,True,3.0
Sylhet,child,HI,EF_days_per_year,0.06471213820712138,9.344383135872721e-11,0.06471213820712138,1,True,True,True,4.0
Sylhet,child,HI,ET_h_per_day,0.007860095034600952,0.43191237304758906,0.007860095034600952,1,True,False,True,6.0
Sylhet,child,HI,SA_m2,0.020236977610369775,0.04300597063676073,0.020236977610369775,1,True,False,True,5.0
Sylhet,child,ELCR,C_mg_per_L,0.9607837488798375,0.0,0.9607837488798375,1,True,True,True,1.0
Sylhet,child,ELCR,IR_L_per_day,0.197251900396519,2.800440036877955e-88,0.197251900396519,1,True,True,True,2.0
Sylhet,child,ELCR,BW_kg,-0.11379582033395819,3.508701715097718e-30,0.11379582033395819,-1,True,True,True,3.0
Sylhet,child,ELCR,EF_days_per_year,0.06471640331916403,9.317936135548378e-11,0.06471640331916403,1,True,True,True,4.0
Sylhet,child,ELCR,ET_h_per_day,0.00774609697746097,0.43862069475226995,0.00774609697746097,0,True,False,True,6.0
Sylhet,child,ELCR,SA_m2,0.020108687493086874,0.04434440144662012,0.020108687493086874,0,True,False,True,5.0
Rangpur,adult,HI,C_mg_per_L,0.9860050482800505,0.0,0.9860050482800505,1,True,True,True,1.0
Rangpur,adult,HI,IR_L_per_day,0.12700073937400738,3.1117351908014095e-37,0.12700073937400738,1,True,True,True,2.0
Rangpur,adult,HI,BW_kg,-0.040155690557556904,5.902201651293182e-05,0.040155690557556904,-1,True,True,True,4.0
Rangpur,adult,HI,EF_days_per_year,0.06040060462000604,1.495726622977046e-09,0.06040060462000604,1,True,True,True,3.0
Rangpur,adult,HI,ET_h_per_day,0.004072630888726309,0.6838509179382909,0.004072630888726309,1,True,False,True,6.0
Rangpur,adult,HI,SA_m2,0.017966765783667658,0.07239962368831064,0.017966765783667658,1,True,False,True,5.0
Rangpur,adult,ELCR,C_mg_per_L,0.9859296787512968,0.0,0.9859296787512968,1,True,True,True,1.0
Rangpur,adult,ELCR,IR_L_per_day,0.1274243586742436,1.7936248514744732e-37,0.1274243586742436,1,True,True,True,2.0
Rangpur,adult,ELCR,BW_kg,-0.04015757808557578,5.89747302113512e-05,0.04015757808557578,-1,True,True,True,4.0
Rangpur,adult,ELCR,EF_days_per_year,0.060389321571893216,1.5062571210001833e-09,0.060389321571893216,1,True,True,True,3.0
Rangpur,adult,ELCR,ET_h_per_day,0.0038894203348942033,0.6973539070548694,0.0038894203348942033,0,True,False,True,6.0
Rangpur,adult,ELCR,SA_m2,0.017783122701831227,0.07536599422757417,0.017783122701831227,0,True,False,True,5.0
Rangpur,child,HI,C_mg_per_L,0.9826250594262506,0.0,0.9826250594262506,1,True,True,True,1.0
Rangpur,child,HI,IR_L_per_day,0.1283899081318991,5.073686126440248e-38,0.1283899081318991,1,True,True,True,2.0
Rangpur,child,HI,BW_kg,-0.08643375711633756,4.78003357697035e-18,0.08643375711633756,-1,True,True,True,3.0
Rangpur,child,HI,EF_days_per_year,0.0225717597697176,0.023996744753948997,0.0225717597697176,1,True,False,True,4.0
Rangpur,child,HI,ET_h_per_day,-0.008308691363086913,0.4060981432850082,0.008308691363086913,1,False,False,True,5.0
Rangpur,child,HI,SA_m2,-0.002037972092379721,0.8385317177110078,0.002037972092379721,1,False,False,True,6.0
Rangpur,child,ELCR,C_mg_per_L,0.9825940358859404,0.0,0.9825940358859404,1,True,True,True,1.0
Rangpur,child,ELCR,IR_L_per_day,0.12856844263368442,4.0128890727605365e-38,0.12856844263368442,1,True,True,True,2.0
Rangpur,child,ELCR,BW_kg,-0.08642975180429752,4.7969484033561595e-18,0.08642975180429752,-1,True,True,True,3.0
Rangpur,child,ELCR,EF_days_per_year,0.022570650213706505,0.02400367771760431,0.022570650213706505,1,True,False,True,4.0
Rangpur,child,ELCR,ET_h_per_day,-0.00837500799575008,0.4023617024566544,0.00837500799575008,0,True,False,True,5.0
Rangpur,child,ELCR,SA_m2,-0.002124758205247582,0.8317563721561381,0.002124758205247582,0,True,False,True,6.0
Mymensingh,adult,HI,C_mg_per_L,0.9947806628278066,0.0,0.9947806628278066,1,True,True,True,1.0
Mymensingh,adult,HI,IR_L_per_day,0.06776445838164459,1.1738279085666714e-11,0.06776445838164459,1,True,True,True,2.0
Mymensingh,adult,HI,BW_kg,-0.051071146758711466,3.224816778686739e-07,0.051071146758711466,-1,True,True,True,3.0
Mymensingh,adult,HI,EF_days_per_year,0.027545882399458824,0.005873402123342706,0.027545882399458824,1,True,False,True,4.0
Mymensingh,adult,HI,ET_h_per_day,-0.00101707199817072,0.918999158364408,0.00101707199817072,1,False,False,True,6.0
Mymensingh,adult,HI,SA_m2,0.00751702092317021,0.45228036907983477,0.00751702092317021,1,True,False,True,5.0
Mymensingh,adult,ELCR,C_mg_per_L,0.9947541871195419,0.0,0.9947541871195419,1,True,True,True,1.0
Mymensingh,adult,ELCR,IR_L_per_day,0.06801380446413804,9.868009391918793e-12,0.06801380446413804,1,True,True,True,2.0
Mymensingh,adult,ELCR,BW_kg,-0.05106609827466098,3.233460648898454e-07,0.05106609827466098,-1,True,True,True,3.0
Mymensingh,adult,ELCR,EF_days_per_year,0.027542599787426,0.005879299722984413,0.027542599787426,1,True,False,True,4.0
Mymensingh,adult,ELCR,ET_h_per_day,-0.001115288891152889,0.9112079858754064,0.001115288891152889,0,True,False,True,6.0
Mymensingh,adult,ELCR,SA_m2,0.007411251098112511,0.4586675869356301,0.007411251098112511,0,True,False,True,5.0
Mymensingh,child,HI,C_mg_per_L,0.9934070953780709,0.0,0.9934070953780709,1,True,True,True,1.0
Mymensingh,child,HI,IR_L_per_day,0.07461936128619362,7.933359086378138e-14,0.07461936128619362,1,True,True,True,2.0
Mymensingh,child,HI,BW_kg,-0.04415258870152589,1.0014468163654082e-05,0.04415258870152589,-1,True,True,True,3.0
Mymensingh,child,HI,EF_days_per_year,0.02222392918223929,0.0262569905249214,0.02222392918223929,1,True,False,True,4.0
Mymensingh,child,HI,ET_h_per_day,-0.010467100568671006,0.2952804668046215,0.010467100568671006,1,False,False,True,5.0
Mymensingh,child,HI,SA_m2,-0.0022128153821281537,0.8248945503659271,0.0022128153821281537,1,False,False,True,6.0
Mymensingh,child,ELCR,C_mg_per_L,0.9933955627179555,0.0,0.9933955627179555,1,True,True,True,1.0
Mymensingh,child,ELCR,IR_L_per_day,0.07472684480726845,7.308145192443165e-14,0.07472684480726845,1,True,True,True,2.0
Mymensingh,child,ELCR,BW_kg,-0.044151361353513614,1.0020161350856762e-05,0.044151361353513614,-1,True,True,True,3.0
Mymensingh,child,ELCR,EF_days_per_year,0.022225450842254506,0.026246715158425464,0.022225450842254506,1,True,False,True,4.0
Mymensingh,child,ELCR,ET_h_per_day,-0.010506867741068677,0.2934494967598741,0.010506867741068677,0,True,False,True,5.0
Mymensingh,child,ELCR,SA_m2,-0.002256585502565855,0.8214887169257572,0.002256585502565855,0,True,False,True,6.0
Comilla,adult,HI,C_mg_per_L,0.9550047942460479,0.0,0.9550047942460479,1,True,True,True,1.0
Comilla,adult,HI,IR_L_per_day,0.22888095962080962,5.26211215638392e-119,0.22888095962080962,1,True,True,True,2.0
Comilla,adult,HI,BW_kg,-0.11065172360651723,1.2845239841091277e-28,0.11065172360651723,-1,True,True,True,3.0
Comilla,adult,HI,EF_days_per_year,0.05335057878550579,9.387767939515715e-08,0.05335057878550579,1,True,True,True,4.0
Comilla,adult,HI,ET_h_per_day,-0.020041994492419946,0.04505397410081521,0.020041994492419946,1,False,False,True,5.0
Comilla,adult,HI,SA_m2,-0.0012713107807131078,0.8988491918025133,0.0012713107807131078,1,False,False,True,6.0
Comilla,adult,ELCR,C_mg_per_L,0.9547876273158762,0.0,0.9547876273158762,1,True,True,True,1.0
Comilla,adult,ELCR,IR_L_per_day,0.2295884280278843,9.475164885190902e-120,0.2295884280278843,1,True,True,True,2.0
Comilla,adult,ELCR,BW_kg,-0.11061478329814783,1.3392145219392983e-28,0.11061478329814783,-1,True,True,True,3.0
Comilla,adult,ELCR,EF_days_per_year,0.053343473837434735,9.424691827806786e-08,0.053343473837434735,1,True,True,True,4.0
Comilla,adult,ELCR,ET_h_per_day,-0.020329523039295232,0.04206179416874873,0.020329523039295232,0,True,False,True,5.0
Comilla,adult,ELCR,SA_m2,-0.001583046699830467,0.8742322432195301,0.001583046699830467,0,True,False,True,6.0
Comilla,child,HI,C_mg_per_L,0.9500357829083578,0.0,0.9500357829083578,1,True,True,True,1.0
Comilla,child,HI,IR_L_per_day,0.224630300378303,1.3845467983496415e-114,0.224630300378303,1,True,True,True,2.0
Comilla,child,HI,BW_kg,-0.1516855316328553,1.5248885720408994e-52,0.1516855316328553,-1,True,True,True,3.0
Comilla,child,HI,EF_days_per_year,0.0544444299644443,5.099578853972692e-08,0.0544444299644443,1,True,True,True,4.0
Comilla,child,HI,ET_h_per_day,0.01188937799889378,0.23450610233112368,0.01188937799889378,1,True,False,True,5.0
Comilla,child,HI,SA_m2,0.00613863896538639,0.5393521620892494,0.00613863896538639,1,True,False,True,6.0
Comilla,child,ELCR,C_mg_per_L,0.9499531847595318,0.0,0.9499531847595318,1,True,True,True,1.0
Comilla,child,ELCR,IR_L_per_day,0.22492646122126464,6.859642868806457e-115,0.22492646122126464,1,True,True,True,2.0
Comilla,child,ELCR,BW_kg,-0.15165870642458704,1.58999796280622e-52,0.15165870642458704,-1,True,True,True,3.0
Comilla,child,ELCR,EF_days_per_year,0.05443514762835147,5.1263085348004325e-08,0.05443514762835147,1,True,True,True,4.0
Comilla,child,ELCR,ET_h_per_day,0.011769261909692618,0.2392674297331371,0.011769261909692618,0,True,False,True,5.0
Comilla,child,ELCR,SA_m2,0.005986575359865754,0.5494476183059732,0.005986575359865754,0,True,False,True,6.0
Bogra,adult,HI,C_mg_per_L,0.9810987385629873,0.0,0.9810987385629873,1,True,True,True,1.0
Bogra,adult,HI,IR_L_per_day,0.17736637278966372,1.8033764023850885e-71,0.17736637278966372,1,True,True,True,2.0
Bogra,adult,HI,BW_kg,-0.05858855421388554,4.5414129679154285e-09,0.05858855421388554,-1,True,True,True,4.0
Bogra,adult,HI,EF_days_per_year,0.0625597198815972,3.817242660237548e-10,0.0625597198815972,1,True,True,True,3.0
Bogra,adult,HI,ET_h_per_day,-0.002666130674661307,0.7897923924760588,0.002666130674661307,1,False,False,True,6.0
Bogra,adult,HI,SA_m2,0.02140233625002336,0.03233770232957068,0.02140233625002336,1,True,False,True,5.0
Bogra,adult,ELCR,C_mg_per_L,0.981001094082011,0.0,0.981001094082011,1,True,True,True,1.0
Bogra,adult,ELCR,IR_L_per_day,0.1778644419746444,7.215105531334955e-72,0.1778644419746444,1,True,True,True,2.0
Bogra,adult,ELCR,BW_kg,-0.05857687373776874,4.573561790715377e-09,0.05857687373776874,-1,True,True,True,4.0
Bogra,adult,ELCR,EF_days_per_year,0.0625546490775465,3.8297123119130223e-10,0.0625546490775465,1,True,True,True,3.0
Bogra,adult,ELCR,ET_h_per_day,-0.0028741003127410033,0.7738254337785058,0.0028741003127410033,0,True,False,True,6.0
Bogra,adult,ELCR,SA_m2,0.021169242631692425,0.034268604754227196,0.021169242631692425,0,True,False,True,5.0
Bogra,child,HI,C_mg_per_L,0.9772136857121368,0.0,0.9772136857121368,1,True,True,True,1.0
Bogra,child,HI,IR_L_per_day,0.17763071431230712,1.10939166928312e-71,0.17763071431230712,1,True,True,True,2.0
Bogra,child,HI,BW_kg,-0.09851471880114719,5.382527270087409e-23,0.09851471880114719,-1,True,True,True,3.0
Bogra,child,HI,EF_days_per_year,0.048488398504883984,1.2278662456834406e-06,0.048488398504883984,1,True,True,True,4.0
Bogra,child,HI,ET_h_per_day,-0.0021455409574554097,0.8301357071920049,0.0021455409574554097,1,False,False,True,6.0
Bogra,child,HI,SA_m2,0.003943843395438434,0.6933325656407809,0.003943843395438434,1,True,False,True,5.0
Bogra,child,ELCR,C_mg_per_L,0.9771722148037222,0.0,0.9771722148037222,1,True,True,True,1.0
Bogra,child,ELCR,IR_L_per_day,0.17784639416646397,7.458979271560817e-72,0.17784639416646397,1,True,True,True,2.0
Bogra,child,ELCR,BW_kg,-0.09850799114507991,5.419025936283629e-23,0.09850799114507991,-1,True,True,True,3.0
Bogra,child,ELCR,EF_days_per_year,0.048484268296842686,1.2304302827082005e-06,0.048484268296842686,1,True,True,True,4.0
Bogra,child,ELCR,ET_h_per_day,-0.002225651602256516,0.8238953958588743,0.002225651602256516,0,True,False,True,6.0
Bogra,child,ELCR,SA_m2,0.0038292581302925813,0.7018092245203608,0.0038292581302925813,0,True,False,True,5.0
