district,population,N,replicate,run_id,spawn_key,mean_HI,P50_HI,P95_HI,P_HI_gt_1,P_HI_gt_2,P95_ELCR
Dhaka,adult,1000,0,dhaka_adult_N1000_r0,"(0, 0, 0, 0)",4.010771831244052,0.15847596086740237,20.131677247785806,0.346,0.276,0.009031495234879736
Dhaka,adult,1000,1,dhaka_adult_N1000_r1,"(0, 0, 0, 1)",5.092767740481148,0.19311378426961956,25.898710173998754,0.364,0.294,0.011627914097157346
Dhaka,adult,1000,2,dhaka_adult_N1000_r2,"(0, 0, 0, 2)",4.366449085951785,0.191615177396191,24.24133344027501,0.346,0.278,0.010888656360526723
Dhaka,adult,1000,3,dhaka_adult_N1000_r3,"(0, 0, 0, 3)",3.702783912443524,0.1332656167692328,20.0130992019651,0.337,0.273,0.008981798772850349
Dhaka,adult,1000,4,dhaka_adult_N1000_r4,"(0, 0, 0, 4)",4.900202709920449,0.1454676748726163,25.439296004871238,0.355,0.293,0.011436561282882467
Dhaka,adult,5000,0,dhaka_adult_N5000_r0,"(0, 0, 1, 0)",4.080564601375827,0.13498838796568957,20.89518816667288,0.3316,0.2604,0.009379093188284053
Dhaka,adult,5000,1,dhaka_adult_N5000_r1,"(0, 0, 1, 1)",4.41115677065273,0.13731669049208464,22.491482727211036,0.3376,0.269,0.010060422840345107
Dhaka,adult,5000,2,dhaka_adult_N5000_r2,"(0, 0, 1, 2)",4.302984433440629,0.1582708753017142,22.19078193609004,0.3396,0.2714,0.00994620494541588
Dhaka,adult,5000,3,dhaka_adult_N5000_r3,"(0, 0, 1, 3)",4.12186310001873,0.15751891446349703,20.414840506075354,0.3326,0.2618,0.009161258678816663
Dhaka,adult,5000,4,dhaka_adult_N5000_r4,"(0, 0, 1, 4)",4.116212830571731,0.16623552406182274,21.813793177893665,0.3416,0.2784,0.009730256815597586
Dhaka,adult,10000,0,dhaka_adult_N10000_r0,"(0, 0, 2, 0)",4.18838084460402,0.1415041543734834,21.56542774620328,0.3346,0.2684,0.009683054255481306
Dhaka,adult,10000,1,dhaka_adult_N10000_r1,"(0, 0, 2, 1)",4.17131445901859,0.142930603831447,21.84018081660441,0.3362,0.2687,0.009808932680813242
Dhaka,adult,10000,2,dhaka_adult_N10000_r2,"(0, 0, 2, 2)",4.363753890210156,0.1559189512037047,22.838411041294595,0.3375,0.2677,0.010244399785594672
Dhaka,adult,10000,3,dhaka_adult_N10000_r3,"(0, 0, 2, 3)",4.054027210894251,0.12616910845642382,21.06798051834571,0.331,0.2654,0.00944939452979997
Dhaka,adult,10000,4,dhaka_adult_N10000_r4,"(0, 0, 2, 4)",4.199343587863417,0.1331160104283658,22.305931849386045,0.333,0.269,0.010006688295359625
Dhaka,adult,20000,0,dhaka_adult_N20000_r0,"(0, 0, 3, 0)",4.237894859830984,0.14881898303800292,22.173564586354143,0.33895,0.26875,0.009957260778950764
Dhaka,adult,20000,1,dhaka_adult_N20000_r1,"(0, 0, 3, 1)",4.163466370914996,0.14270127883034597,22.603027125580216,0.3298,0.26565,0.010153724825258252
Dhaka,adult,20000,2,dhaka_adult_N20000_r2,"(0, 0, 3, 2)",4.009990864336417,0.13897022350941465,20.361917980166147,0.33355,0.26455,0.009131061373209374
Dhaka,adult,20000,3,dhaka_adult_N20000_r3,"(0, 0, 3, 3)",4.243359011749288,0.1405153145042665,22.379439737842468,0.3366,0.2708,0.010045419694945596
Dhaka,adult,20000,4,dhaka_adult_N20000_r4,"(0, 0, 3, 4)",4.192427785689244,0.12829279202807373,22.332675809139158,0.3315,0.26195,0.010017915873846579
Dhaka,child,1000,0,dhaka_child_N1000_r0,"(0, 1, 0, 0)",21.951999278150286,0.8389390181512462,116.78289606224745,0.489,0.43,0.004497039162340688
Dhaka,child,1000,1,dhaka_child_N1000_r1,"(0, 1, 0, 1)",23.29294193779507,0.763060639964735,143.4162602953535,0.481,0.413,0.005522360139599321
Dhaka,child,1000,2,dhaka_child_N1000_r2,"(0, 1, 0, 2)",25.116947526850943,0.9004818977718854,116.88811275044958,0.495,0.432,0.004506196006603412
Dhaka,child,1000,3,dhaka_child_N1000_r3,"(0, 1, 0, 3)",19.22606807088079,0.7860247300742116,108.45238466200277,0.48,0.425,0.004175751872528215
Dhaka,child,1000,4,dhaka_child_N1000_r4,"(0, 1, 0, 4)",24.72545851755671,0.7346648153838193,121.64987489444988,0.471,0.422,0.0046861732981898895
Dhaka,child,5000,0,dhaka_child_N5000_r0,"(0, 1, 1, 0)",22.400039672175428,0.7310252460154907,109.94776237651209,0.4778,0.4202,0.004232866316693619
Dhaka,child,5000,1,dhaka_child_N5000_r1,"(0, 1, 1, 1)",22.561293900287104,0.7150043396274579,121.83361072977522,0.4744,0.4194,0.004686767300020234
Dhaka,child,5000,2,dhaka_child_N5000_r2,"(0, 1, 1, 2)",22.81720945212513,0.7709684246622406,113.48696649888076,0.4786,0.4196,0.00437450497300214
Dhaka,child,5000,3,dhaka_child_N5000_r3,"(0, 1, 1, 3)",23.98767406848357,0.8429877696962313,131.9070735909429,0.4868,0.4278,0.0050822910135763875
Dhaka,child,5000,4,dhaka_child_N5000_r4,"(0, 1, 1, 4)",22.207568256075113,0.6178854211404711,110.0147288727335,0.4692,0.4114,0.004237231142715287
Dhaka,child,10000,0,dhaka_child_N10000_r0,"(0, 1, 2, 0)",23.416430586041272,0.716181580230105,121.10349937038607,0.4765,0.4223,0.00466789137943052
Dhaka,child,10000,1,dhaka_child_N10000_r1,"(0, 1, 2, 1)",24.44861363804631,0.7442898357744814,118.44413049443014,0.4782,0.4252,0.004563498249789302
Dhaka,child,10000,2,dhaka_child_N10000_r2,"(0, 1, 2, 2)",24.574414790878535,0.7070170346292892,121.44470850977473,0.4748,0.4196,0.004680865822349528
Dhaka,child,10000,3,dhaka_child_N10000_r3,"(0, 1, 2, 3)",23.84597578470207,0.7421673376240687,127.16847493094718,0.4772,0.4262,0.004897188234163702
Dhaka,child,10000,4,dhaka_child_N10000_r4,"(0, 1, 2, 4)",23.126535928997125,0.6461716008581941,121.69367158027072,0.4684,0.4103,0.004687562300648396
Dhaka,child,20000,0,dhaka_child_N20000_r0,"(0, 1, 3, 0)",23.916401338482345,0.7215447554866122,123.63867231820409,0.4735,0.4183,0.004765327081237188
Dhaka,child,20000,1,dhaka_child_N20000_r1,"(0, 1, 3, 1)",23.293714867498462,0.7843965753682389,112.13386649420676,0.4816,0.4239,0.004321788451007267
Dhaka,child,20000,2,dhaka_child_N20000_r2,"(0, 1, 3, 2)",23.67139857006819,0.7633194639666698,121.39272124266503,0.47975,0.42435,0.004674669109716893
Dhaka,child,20000,3,dhaka_child_N20000_r3,"(0, 1, 3, 3)",22.646632186308597,0.7334037949666063,119.00609639898884,0.4761,0.4245,0.004583572572975201
Dhaka,child,20000,4,dhaka_child_N20000_r4,"(0, 1, 3, 4)",23.519879833957802,0.7946155187383037,120.70429826705698,0.48245,0.4259,0.00464903758986289
Chittagong,adult,1000,0,chittagong_adult_N1000_r0,"(1, 0, 0, 0)",1.8710684275181058,0.24058426326855828,6.334310599469507,0.255,0.167,0.0028403866540731106
Chittagong,adult,1000,1,chittagong_adult_N1000_r1,"(1, 0, 0, 1)",1.6797216127114227,0.2493741459397638,6.375690638514209,0.255,0.164,0.002865395638715708
Chittagong,adult,1000,2,chittagong_adult_N1000_r2,"(1, 0, 0, 2)",1.5709936768879997,0.23376829168627128,6.652035084560909,0.257,0.159,0.002989201465567476
Chittagong,adult,1000,3,chittagong_adult_N1000_r3,"(1, 0, 0, 3)",2.0519327307400763,0.22662199811085643,6.639841427574838,0.238,0.148,0.002986835056527971
Chittagong,adult,1000,4,chittagong_adult_N1000_r4,"(1, 0, 0, 4)",1.9659873756456558,0.22899210125900177,6.500499285368541,0.248,0.151,0.0029150587174083765
Chittagong,adult,5000,0,chittagong_adult_N5000_r0,"(1, 0, 1, 0)",2.2388158416600494,0.22640494194784702,7.093864035304151,0.2342,0.1472,0.0031832045777671725
Chittagong,adult,5000,1,chittagong_adult_N5000_r1,"(1, 0, 1, 1)",1.9403512493315418,0.21443804950467754,6.325286439302261,0.2232,0.1332,0.002842211530232643
Chittagong,adult,5000,2,chittagong_adult_N5000_r2,"(1, 0, 1, 2)",1.7978184170966724,0.22193595030060242,6.197690448805085,0.2372,0.1474,0.002768803866566521
Chittagong,adult,5000,3,chittagong_adult_N5000_r3,"(1, 0, 1, 3)",1.8244611829579538,0.2305717107503324,6.419892997481127,0.2352,0.1472,0.0028785443191550425
Chittagong,adult,5000,4,chittagong_adult_N5000_r4,"(1, 0, 1, 4)",1.8090447201055442,0.22754138690058456,6.451847862977022,0.2236,0.14,0.002895856165639512
Chittagong,adult,10000,0,chittagong_adult_N10000_r0,"(1, 0, 2, 0)",1.8246615078488448,0.2297410929617673,6.663347732213144,0.2321,0.1425,0.0029942951442597484
Chittagong,adult,10000,1,chittagong_adult_N10000_r1,"(1, 0, 2, 1)",2.027689954398593,0.22104613426090847,6.590694195088805,0.2319,0.141,0.0029512433160296795
Chittagong,adult,10000,2,chittagong_adult_N10000_r2,"(1, 0, 2, 2)",1.7863847481960717,0.2305973845555262,6.361999112043837,0.2345,0.1422,0.00285630541524017
Chittagong,adult,10000,3,chittagong_adult_N10000_r3,"(1, 0, 2, 3)",1.730233094032361,0.2241969874495971,6.161167491919258,0.2387,0.1422,0.002766336279628164
Chittagong,adult,10000,4,chittagong_adult_N10000_r4,"(1, 0, 2, 4)",1.918635526405018,0.22579670253140918,6.491872766632222,0.2335,0.1401,0.002910965034732293
Chittagong,adult,20000,0,chittagong_adult_N20000_r0,"(1, 0, 3, 0)",1.8676191443709294,0.23481229462963932,6.739096125394437,0.2377,0.1438,0.003024998985595919
Chittagong,adult,20000,1,chittagong_adult_N20000_r1,"(1, 0, 3, 1)",1.875049239081087,0.23115228677746474,6.647984749687218,0.23835,0.14545,0.002984306875432404
Chittagong,adult,20000,2,chittagong_adult_N20000_r2,"(1, 0, 3, 2)",1.8561722998228753,0.22756680568200632,6.911775516225042,0.2378,0.14815,0.0031027962937486948
Chittagong,adult,20000,3,chittagong_adult_N20000_r3,"(1, 0, 3, 3)",1.8111475746488765,0.22804631626417726,6.597599095358564,0.23485,0.14265,0.002958697583121717
Chittagong,adult,20000,4,chittagong_adult_N20000_r4,"(1, 0, 3, 4)",1.8525561353698108,0.22382494056207364,6.525511399674406,0.2333,0.1446,0.0029241085196010557
Chittagong,child,1000,0,chittagong_child_N1000_r0,"(1, 1, 0, 0)",10.252177241273905,1.1562202320673864,38.68836827143817,0.535,0.398,0.001490296923475789
Chittagong,child,1000,1,chittagong_child_N1000_r1,"(1, 1, 0, 1)",10.623998769695259,1.2177137099290132,38.63550620377777,0.544,0.402,0.0014870878575709452
Chittagong,child,1000,2,chittagong_child_N1000_r2,"(1, 1, 0, 2)",8.957923048255948,1.209682863289646,33.559817851124336,0.53,0.4,0.0012932310469067983
Chittagong,child,1000,3,chittagong_child_N1000_r3,"(1, 1, 0, 3)",6.889018855528153,1.2017684980171954,30.31706188332011,0.532,0.398,0.0011690434578143726
Chittagong,child,1000,4,chittagong_child_N1000_r4,"(1, 1, 0, 4)",7.491550154882245,1.2903887060866706,32.422244139797755,0.558,0.4,0.0012495959572670493
Chittagong,child,5000,0,chittagong_child_N5000_r0,"(1, 1, 1, 0)",7.663801333685103,1.1755935842593481,30.360973754908912,0.535,0.3968,0.0011696338419953706
Chittagong,child,5000,1,chittagong_child_N5000_r1,"(1, 1, 1, 1)",12.718134571547344,1.257793296586474,36.16062976161902,0.5448,0.4156,0.0013927673603084938
Chittagong,child,5000,2,chittagong_child_N5000_r2,"(1, 1, 1, 2)",9.979009115984473,1.2245761749931467,36.17605772796126,0.5412,0.4024,0.001394062551472229
Chittagong,child,5000,3,chittagong_child_N5000_r3,"(1, 1, 1, 3)",9.948364877084973,1.1741764464539055,35.50034577263893,0.5302,0.403,0.001367263093757316
Chittagong,child,5000,4,chittagong_child_N5000_r4,"(1, 1, 1, 4)",12.711822655317304,1.283394878786757,38.846979381071826,0.5482,0.4044,0.0014970871783929571
Chittagong,child,10000,0,chittagong_child_N10000_r0,"(1, 1, 2, 0)",9.275554206496189,1.2069904573186454,34.71327299304937,0.5375,0.4034,0.001337579464120522
Chittagong,child,10000,1,chittagong_child_N10000_r1,"(1, 1, 2, 1)",11.337557096426087,1.1913175919985532,34.44845953783366,0.5369,0.4,0.0013282501560560695
Chittagong,child,10000,2,chittagong_child_N10000_r2,"(1, 1, 2, 2)",10.46101085830689,1.2458144302789398,38.59982271991028,0.5403,0.4127,0.0014880458717785074
Chittagong,child,10000,3,chittagong_child_N10000_r3,"(1, 1, 2, 3)",10.34536933492285,1.1784001821698789,34.955870585303515,0.5322,0.4007,0.0013473100589316395
Chittagong,child,10000,4,chittagong_child_N10000_r4,"(1, 1, 2, 4)",9.562550010692467,1.168518297884778,34.22382429421064,0.5298,0.3977,0.0013182786806770572
Chittagong,child,20000,0,chittagong_child_N20000_r0,"(1, 1, 3, 0)",9.716144618053095,1.1950374518342497,35.9217999477607,0.5334,0.4008,0.0013831683904745279
Chittagong,child,20000,1,chittagong_child_N20000_r1,"(1, 1, 3, 1)",10.924395919654861,1.2007236793242835,34.7216720846427,0.53325,0.39685,0.00133644155439399
Chittagong,child,20000,2,chittagong_child_N20000_r2,"(1, 1, 3, 2)",10.25034635938773,1.1819033139990713,36.35331637439147,0.5327,0.3992,0.0014001413286815012
Chittagong,child,20000,3,chittagong_child_N20000_r3,"(1, 1, 3, 3)",10.85287679789794,1.1844495212877764,37.55786499410182,0.53105,0.4015,0.0014475578116035887
Chittagong,child,20000,4,chittagong_child_N20000_r4,"(1, 1, 3, 4)",11.313999455222955,1.2085189920203345,35.82943180984302,0.53685,0.4033,0.0013788742898934504
Rajshahi,adult,1000,0,rajshahi_adult_N1000_r0,"(2, 0, 0, 0)",0.6349966026017401,0.00022121836573768444,3.639515766610401,0.116,0.081,0.0016366895499401169
Rajshahi,adult,1000,1,rajshahi_adult_N1000_r1,"(2, 0, 0, 1)",0.6520338788188182,0.0001517162441118864,3.2850216319484664,0.103,0.073,0.0014748037445130816
Rajshahi,adult,1000,2,rajshahi_adult_N1000_r2,"(2, 0, 0, 2)",0.7287497821622902,0.000352409088168199,3.8578267650336384,0.111,0.077,0.0017318021378997506
Rajshahi,adult,1000,3,rajshahi_adult_N1000_r3,"(2, 0, 0, 3)",0.7185301840363308,0.0001368366071903001,3.4040567759500697,0.098,0.073,0.0015229742023856534
Rajshahi,adult,1000,4,rajshahi_adult_N1000_r4,"(2, 0, 0, 4)",0.6053358744932886,0.00028517411485069993,3.211474667103473,0.114,0.072,0.0014430060840768268
Rajshahi,adult,5000,0,rajshahi_adult_N5000_r0,"(2, 0, 1, 0)",0.6667948455489912,0.00013246762143307328,3.3014403089645827,0.1066,0.0744,0.0014829603808594793
Rajshahi,adult,5000,1,rajshahi_adult_N5000_r1,"(2, 0, 1, 1)",0.6183570442090146,0.0002093068484427564,3.2171808256219223,0.1094,0.072,0.0014441157495837227
Rajshahi,adult,5000,2,rajshahi_adult_N5000_r2,"(2, 0, 1, 2)",0.6058164121102664,0.00017289544636791496,3.0174637656352825,0.1006,0.0686,0.0013532414612265323
Rajshahi,adult,5000,3,rajshahi_adult_N5000_r3,"(2, 0, 1, 3)",0.6722355408073598,0.00017227469064085238,3.687439618433677,0.1024,0.0724,0.0016551376408752247
Rajshahi,adult,5000,4,rajshahi_adult_N5000_r4,"(2, 0, 1, 4)",0.6710641017415976,0.00019869408498940738,3.6049643481972806,0.1148,0.0748,0.0016192214194805795
Rajshahi,adult,10000,0,rajshahi_adult_N10000_r0,"(2, 0, 2, 0)",0.6376607599447361,0.0001649336837979097,3.166561231286713,0.112,0.0705,0.0014214322332404678
Rajshahi,adult,10000,1,rajshahi_adult_N10000_r1,"(2, 0, 2, 1)",0.6669182364427726,0.0001979930909327845,3.421178090985015,0.1068,0.0748,0.001536926181031411
Rajshahi,adult,10000,2,rajshahi_adult_N10000_r2,"(2, 0, 2, 2)",0.6507262105370021,0.00017749610014679892,3.415676951256805,0.1071,0.0753,0.0015326836510672253
Rajshahi,adult,10000,3,rajshahi_adult_N10000_r3,"(2, 0, 2, 3)",0.6746263155011711,0.0002117230445345864,3.345039346282387,0.1066,0.0735,0.0015023125893091187
Rajshahi,adult,10000,4,rajshahi_adult_N10000_r4,"(2, 0, 2, 4)",0.6672375602577536,0.00013371029027365732,3.538852341142128,0.1087,0.0782,0.001589087483834563
Rajshahi,adult,20000,0,rajshahi_adult_N20000_r0,"(2, 0, 3, 0)",0.6278957928971189,0.0002041178690978425,3.2210263604802085,0.10775,0.0718,0.0014468809152023026
Rajshahi,adult,20000,1,rajshahi_adult_N20000_r1,"(2, 0, 3, 1)",0.6518949063879235,0.00012963686898823408,3.3363302544518927,0.1079,0.07205,0.0014962330367767494
Rajshahi,adult,20000,2,rajshahi_adult_N20000_r2,"(2, 0, 3, 2)",0.6509347592933802,0.00018017639448792441,3.333858233030036,0.1093,0.07415,0.0014949907003818637
Rajshahi,adult,20000,3,rajshahi_adult_N20000_r3,"(2, 0, 3, 3)",0.652637641332168,0.00019123458144262238,3.494431724483311,0.10925,0.07425,0.0015647182808502485
Rajshahi,adult,20000,4,rajshahi_adult_N20000_r4,"(2, 0, 3, 4)",0.6632055768226228,0.00020247903686311264,3.5737135234693933,0.11145,0.07555,0.0015963740805978552
Rajshahi,child,1000,0,rajshahi_child_N1000_r0,"(2, 1, 0, 0)",5.301969005323523,0.0005030968316226918,24.80061657736198,0.184,0.148,0.0009556354244132429
Rajshahi,child,1000,1,rajshahi_child_N1000_r1,"(2, 1, 0, 1)",3.5410196091681763,0.001054360727157941,15.551846404262,0.181,0.139,0.0005996473129028115
Rajshahi,child,1000,2,rajshahi_child_N1000_r2,"(2, 1, 0, 2)",2.71723779820883,0.00025137705685320335,14.870679942224946,0.17,0.137,0.0005727519077675965
Rajshahi,child,1000,3,rajshahi_child_N1000_r3,"(2, 1, 0, 3)",4.035308738468536,0.0006340967195392665,20.062844516088568,0.185,0.149,0.0007731745170453932
Rajshahi,child,1000,4,rajshahi_child_N1000_r4,"(2, 1, 0, 4)",3.7388485733168837,0.0008066952301305352,17.25276561382471,0.192,0.159,0.0006644231841434042
Rajshahi,child,5000,0,rajshahi_child_N5000_r0,"(2, 1, 1, 0)",3.498080958840289,0.001212733039457725,17.431166557831823,0.1984,0.1596,0.0006721356987340329
Rajshahi,child,5000,1,rajshahi_child_N5000_r1,"(2, 1, 1, 1)",3.830200382940896,0.0010219091261126083,18.403650990394716,0.2012,0.16,0.0007095048977657342
Rajshahi,child,5000,2,rajshahi_child_N5000_r2,"(2, 1, 1, 2)",3.6159497651609636,0.0009775074903295787,18.371572415552322,0.1988,0.162,0.0007080240894918005
Rajshahi,child,5000,3,rajshahi_child_N5000_r3,"(2, 1, 1, 3)",3.3920220788495716,0.0008982996196086107,17.98809364753031,0.1972,0.1608,0.0006929903448217076
Rajshahi,child,5000,4,rajshahi_child_N5000_r4,"(2, 1, 1, 4)",3.3291792653518373,0.0009534467369366209,17.292277183274862,0.1894,0.154,0.0006656558470140691
Rajshahi,child,10000,0,rajshahi_child_N10000_r0,"(2, 1, 2, 0)",3.4294893178751256,0.0011287414764963141,18.151460990078807,0.2033,0.1638,0.0006992588812201647
Rajshahi,child,10000,1,rajshahi_child_N10000_r1,"(2, 1, 2, 1)",3.6823145163348543,0.0010264268911074532,19.59832058449217,0.2021,0.1659,0.0007553990224144888
Rajshahi,child,10000,2,rajshahi_child_N10000_r2,"(2, 1, 2, 2)",3.388037040893113,0.0009371880087617654,18.007380840228862,0.2016,0.1645,0.0006935205641734279
Rajshahi,child,10000,3,rajshahi_child_N10000_r3,"(2, 1, 2, 3)",3.725465915650052,0.0009296387145648218,18.566380562005552,0.2025,0.164,0.0007149671812348775
Rajshahi,child,10000,4,rajshahi_child_N10000_r4,"(2, 1, 2, 4)",3.716380652758288,0.001019058871758174,17.71626173222016,0.2051,0.1654,0.0006827641109461037
Rajshahi,child,20000,0,rajshahi_child_N20000_r0,"(2, 1, 3, 0)",3.7070392930409364,0.0009217065856370875,18.55369458522316,0.20195,0.1621,0.0007141427476085229
Rajshahi,child,20000,1,rajshahi_child_N20000_r1,"(2, 1, 3, 1)",3.6415355730260934,0.0010235462253441888,18.196055643681607,0.2001,0.1619,0.0007012022687882449
Rajshahi,child,20000,2,rajshahi_child_N20000_r2,"(2, 1, 3, 2)",3.9093338820766714,0.0008896357468675449,19.01969598714549,0.20025,0.1641,0.000732296657535284
Rajshahi,child,20000,3,rajshahi_child_N20000_r3,"(2, 1, 3, 3)",3.597153672303007,0.000990350998527826,17.958989734555644,0.19425,0.1587,0.0006903436818131427
Rajshahi,child,20000,4,rajshahi_child_N20000_r4,"(2, 1, 3, 4)",3.7345833323224316,0.0010687001783414745,19.201010673307213,0.20035,0.1627,0.0007400863320051745
Khulna,adult,1000,0,khulna_adult_N1000_r0,"(3, 0, 0, 0)",2.436069938832263,0.10320868558770341,13.357672764765656,0.299,0.223,0.006003512033784719
Khulna,adult,1000,1,khulna_adult_N1000_r1,"(3, 0, 0, 1)",3.1239912389880327,0.07804276467497667,18.174678551308357,0.313,0.249,0.008159852639447527
Khulna,adult,1000,2,khulna_adult_N1000_r2,"(3, 0, 0, 2)",2.110893049111973,0.06751992250900296,10.639988404897935,0.282,0.209,0.004777436497576849
Khulna,adult,1000,3,khulna_adult_N1000_r3,"(3, 0, 0, 3)",3.0977501580215088,0.11964740937846217,17.155998797969712,0.307,0.245,0.007710248708590391
Khulna,adult,1000,4,khulna_adult_N1000_r4,"(3, 0, 0, 4)",3.5298870749249676,0.11777444939422069,16.2145878825882,0.318,0.249,0.007284466816277629
Khulna,adult,5000,0,khulna_adult_N5000_r0,"(3, 0, 1, 0)",3.061594217430104,0.09424733817868147,16.417544985842504,0.2992,0.2316,0.007379536957592529
Khulna,adult,5000,1,khulna_adult_N5000_r1,"(3, 0, 1, 1)",2.991727518433825,0.08229947184447775,15.897485936897464,0.2986,0.2272,0.0071382073189935205
Khulna,adult,5000,2,khulna_adult_N5000_r2,"(3, 0, 1, 2)",2.899039647370963,0.09365620912276718,15.033479046254353,0.302,0.2402,0.00673461139856479
Khulna,adult,5000,3,khulna_adult_N5000_r3,"(3, 0, 1, 3)",2.925318721042325,0.09700781951296877,15.7483127720767,0.3012,0.2302,0.0070695302977310855
Khulna,adult,5000,4,khulna_adult_N5000_r4,"(3, 0, 1, 4)",2.9481983008826407,0.08657385500745665,15.87595960089391,0.2936,0.2276,0.007120660126304917
Khulna,adult,10000,0,khulna_adult_N10000_r0,"(3, 0, 2, 0)",2.8746407654731154,0.09068619843076534,15.677957877719315,0.3004,0.231,0.0070309187772677135
Khulna,adult,10000,1,khulna_adult_N10000_r1,"(3, 0, 2, 1)",2.9120397619484586,0.09172522437829003,15.855856918651376,0.2963,0.2288,0.007122978823621316
Khulna,adult,10000,2,khulna_adult_N10000_r2,"(3, 0, 2, 2)",3.129672598814345,0.08871473288441081,15.835165513578906,0.2952,0.2278,0.00708976636722209
Khulna,adult,10000,3,khulna_adult_N10000_r3,"(3, 0, 2, 3)",2.8294455247919577,0.08859271229994062,14.786526863759049,0.2942,0.2243,0.006633536141229257
Khulna,adult,10000,4,khulna_adult_N10000_r4,"(3, 0, 2, 4)",3.012264484357162,0.09258702971757168,16.30014166720541,0.3009,0.2329,0.007300855365515125
Khulna,adult,20000,0,khulna_adult_N20000_r0,"(3, 0, 3, 0)",3.0161236432881173,0.095137921280924,16.079891431457042,0.3008,0.23085,0.007206108685786099
Khulna,adult,20000,1,khulna_adult_N20000_r1,"(3, 0, 3, 1)",2.998227347487791,0.09352249104700965,15.490941575397398,0.29685,0.22965,0.006941528770364156
Khulna,adult,20000,2,khulna_adult_N20000_r2,"(3, 0, 3, 2)",3.0456486405720287,0.09227917288065018,16.69002287656225,0.29935,0.22875,0.0074797523175010655
Khulna,adult,20000,3,khulna_adult_N20000_r3,"(3, 0, 3, 3)",2.951699524825211,0.09098258444802708,15.576486384438176,0.2974,0.23025,0.0069901837617974815
Khulna,adult,20000,4,khulna_adult_N20000_r4,"(3, 0, 3, 4)",3.1197400019740367,0.09136000450598747,16.61219139995338,0.3028,0.2354,0.0074596381912732925
Khulna,child,1000,0,khulna_child_N1000_r0,"(3, 1, 0, 0)",16.3442263022091,0.5470575651953647,67.27485534871067,0.442,0.378,0.002593812366468859
Khulna,child,1000,1,khulna_child_N1000_r1,"(3, 1, 0, 1)",18.492718144110984,0.4137057427084689,83.17187707066238,0.438,0.367,0.0032047789905149827
Khulna,child,1000,2,khulna_child_N1000_r2,"(3, 1, 0, 2)",17.21128585404838,0.6209617864362849,78.6236558882298,0.456,0.403,0.003029680596839769
Khulna,child,1000,3,khulna_child_N1000_r3,"(3, 1, 0, 3)",16.56978834530138,0.3579132825336814,83.85307006664084,0.433,0.368,0.003232117087195503
Khulna,child,1000,4,khulna_child_N1000_r4,"(3, 1, 0, 4)",20.35026031777819,0.5469048389805173,87.31197763463892,0.463,0.404,0.003365599912264216
Khulna,child,5000,0,khulna_child_N5000_r0,"(3, 1, 1, 0)",17.12018761537942,0.5001640823314644,82.76992486210554,0.4524,0.3936,0.0031855989097032953
Khulna,child,5000,1,khulna_child_N5000_r1,"(3, 1, 1, 1)",16.34913787942611,0.49325136531732094,89.0977600660203,0.4434,0.384,0.003432028507595005
Khulna,child,5000,2,khulna_child_N5000_r2,"(3, 1, 1, 2)",15.251216116142817,0.48215826260077055,78.51996404883089,0.4444,0.3828,0.0030209318739121095
Khulna,child,5000,3,khulna_child_N5000_r3,"(3, 1, 1, 3)",18.052612542725402,0.47241913866105445,93.8348398536658,0.4428,0.3858,0.0036159099492085334
Khulna,child,5000,4,khulna_child_N5000_r4,"(3, 1, 1, 4)",17.458013578358152,0.5542493400795648,88.90006434014401,0.4546,0.3946,0.003421325912616528
Khulna,child,10000,0,khulna_child_N10000_r0,"(3, 1, 2, 0)",16.737978912477775,0.5218644187898233,84.31390482173417,0.4488,0.3921,0.0032462982878284936
Khulna,child,10000,1,khulna_child_N10000_r1,"(3, 1, 2, 1)",16.608082261213088,0.44300137013767676,86.49881294658829,0.4411,0.3878,0.0033311904863925186
Khulna,child,10000,2,khulna_child_N10000_r2,"(3, 1, 2, 2)",17.108292004306026,0.5003752220023711,90.24326354397435,0.4499,0.3882,0.0034714637868309595
Khulna,child,10000,3,khulna_child_N10000_r3,"(3, 1, 2, 3)",17.070408091425733,0.5413266582929239,87.40166839351885,0.4536,0.3941,0.0033673095121217237
Khulna,child,10000,4,khulna_child_N10000_r4,"(3, 1, 2, 4)",17.322377322712168,0.4754325560618118,90.29070735657892,0.4422,0.3854,0.0034800049638512645
Khulna,child,20000,0,khulna_child_N20000_r0,"(3, 1, 3, 0)",16.754381893730542,0.49982758029974167,85.92050834817533,0.4488,0.3907,0.0033102048624611222
Khulna,child,20000,1,khulna_child_N20000_r1,"(3, 1, 3, 1)",16.79599310367438,0.47211440716222275,91.31122839183683,0.4427,0.3863,0.0035161653450191915
Khulna,child,20000,2,khulna_child_N20000_r2,"(3, 1, 3, 2)",16.38643372655864,0.4555686702060352,84.27983002045039,0.4435,0.38555,0.0032481006618942385
Khulna,child,20000,3,khulna_child_N20000_r3,"(3, 1, 3, 3)",17.328318473814974,0.5113124736579482,85.51747641567523,0.4464,0.3878,0.003293931832479474
Khulna,child,20000,4,khulna_child_N20000_r4,"(3, 1, 3, 4)",16.792498471074584,0.5090453985416834,85.00602724729873,0.44545,0.3883,0.003274099450696267
Barisal,adult,1000,0,barisal_adult_N1000_r0,"(4, 0, 0, 0)",6.242026062668504,0.3494325703109061,34.008483142843716,0.411,0.318,0.015275390981067194
Barisal,adult,1000,1,barisal_adult_N1000_r1,"(4, 0, 0, 1)",6.142680839105455,0.46039592504249344,36.28008739409646,0.411,0.34,0.01629462596466516
Barisal,adult,1000,2,barisal_adult_N1000_r2,"(4, 0, 0, 2)",5.8163338611067,0.31008025802634837,31.355333363930733,0.378,0.314,0.014012379640413752
Barisal,adult,1000,3,barisal_adult_N1000_r3,"(4, 0, 0, 3)",4.662038829840865,0.3492392937940113,24.284526045522043,0.392,0.314,0.010916026189252264
Barisal,adult,1000,4,barisal_adult_N1000_r4,"(4, 0, 0, 4)",5.769623606848936,0.2934629484933018,30.48880659219948,0.382,0.305,0.013661254873662789
Barisal,adult,5000,0,barisal_adult_N5000_r0,"(4, 0, 1, 0)",6.656140187516708,0.43638981193286513,34.03682856869217,0.418,0.3432,0.015263380121698738
Barisal,adult,5000,1,barisal_adult_N5000_r1,"(4, 0, 1, 1)",6.708632463516759,0.35425505375163785,35.292948822895234,0.411,0.346,0.015788010690939398
Barisal,adult,5000,2,barisal_adult_N5000_r2,"(4, 0, 1, 2)",6.788901341807964,0.41509963763972746,33.95292600455232,0.4182,0.345,0.01526479170986475
Barisal,adult,5000,3,barisal_adult_N5000_r3,"(4, 0, 1, 3)",6.0742572389617,0.3491693410802834,30.239244656864155,0.4026,0.3366,0.013561457390064298
Barisal,adult,5000,4,barisal_adult_N5000_r4,"(4, 0, 1, 4)",6.219371554203948,0.39300473789311813,30.352045137464312,0.409,0.344,0.013651415379414023
Barisal,adult,10000,0,barisal_adult_N10000_r0,"(4, 0, 2, 0)",6.397414613738818,0.3796546091912346,32.05888754831625,0.412,0.3379,0.014395427689211133
Barisal,adult,10000,1,barisal_adult_N10000_r1,"(4, 0, 2, 1)",6.710946085962596,0.3590591111388875,34.82338165928123,0.405,0.3304,0.01564163088531582
Barisal,adult,10000,2,barisal_adult_N10000_r2,"(4, 0, 2, 2)",6.159459674689664,0.34779994089197713,31.406414771062938,0.4031,0.3297,0.014093647668758395
Barisal,adult,10000,3,barisal_adult_N10000_r3,"(4, 0, 2, 3)",6.443587650692016,0.36004815587448064,33.32806459549787,0.406,0.3309,0.014959066777698793
Barisal,adult,10000,4,barisal_adult_N10000_r4,"(4, 0, 2, 4)",6.349324970481408,0.36353937649580603,31.523719719530835,0.4062,0.3349,0.014136292066313807
Barisal,adult,20000,0,barisal_adult_N20000_r0,"(4, 0, 3, 0)",6.298397734421931,0.3708822286236007,32.52478414077546,0.4089,0.3347,0.014591794331400263
Barisal,adult,20000,1,barisal_adult_N20000_r1,"(4, 0, 3, 1)",6.576883457081042,0.3602995011389024,33.191091454872975,0.40345,0.33485,0.01489818818633772
Barisal,adult,20000,2,barisal_adult_N20000_r2,"(4, 0, 3, 2)",6.280115720307857,0.3526148970490173,32.691461900032735,0.3972,0.3278,0.0146790205375583
Barisal,adult,20000,3,barisal_adult_N20000_r3,"(4, 0, 3, 3)",6.484526261945199,0.3703988964772973,34.453595648272724,0.40855,0.33725,0.015470270941369766
Barisal,adult,20000,4,barisal_adult_N20000_r4,"(4, 0, 3, 4)",6.375044119034346,0.3670609783132113,33.465767963563884,0.4072,0.33485,0.015018896100489261
Barisal,child,1000,0,barisal_child_N1000_r0,"(4, 1, 0, 0)",27.84860646527478,1.5549895117805494,154.37731490692042,0.535,0.475,0.005943926709663277
Barisal,child,1000,1,barisal_child_N1000_r1,"(4, 1, 0, 1)",29.436793919230578,1.6625950061289796,145.56506873274915,0.541,0.483,0.005610131292032125
Barisal,child,1000,2,barisal_child_N1000_r2,"(4, 1, 0, 2)",33.69874471107013,2.0182083097875623,177.81582580164203,0.56,0.5,0.006843496061181085
Barisal,child,1000,3,barisal_child_N1000_r3,"(4, 1, 0, 3)",33.05627548933816,2.281896456907016,165.56817734607554,0.568,0.511,0.0063827926311357
Barisal,child,1000,4,barisal_child_N1000_r4,"(4, 1, 0, 4)",37.832838376472075,2.1059955015190983,187.7033880559386,0.564,0.506,0.007235887202037327
Barisal,child,5000,0,barisal_child_N5000_r0,"(4, 1, 1, 0)",34.40608954982094,1.9630667204180015,175.38481482307643,0.5572,0.4986,0.006758629492829922
Barisal,child,5000,1,barisal_child_N5000_r1,"(4, 1, 1, 1)",32.766554163923566,1.7290013213487199,170.66777380340528,0.5432,0.4854,0.006572244598504207
Barisal,child,5000,2,barisal_child_N5000_r2,"(4, 1, 1, 2)",34.92580625902456,2.0034602017414134,181.73070355893776,0.562,0.5004,0.0070053411404685335
Barisal,child,5000,3,barisal_child_N5000_r3,"(4, 1, 1, 3)",36.77505443791145,2.0960445556134015,177.90549877113656,0.559,0.503,0.006854650481407509
Barisal,child,5000,4,barisal_child_N5000_r4,"(4, 1, 1, 4)",35.49416486211862,1.8494845775413356,183.31245941683002,0.5488,0.4934,0.007066681413586086
Barisal,child,10000,0,barisal_child_N10000_r0,"(4, 1, 2, 0)",36.38645035332002,1.9047624480885996,175.12496142356832,0.5582,0.4953,0.006745823888859346
Barisal,child,10000,1,barisal_child_N10000_r1,"(4, 1, 2, 1)",36.310713290155824,2.286817194527662,182.7995111906202,0.5653,0.5112,0.007042996095354892
Barisal,child,10000,2,barisal_child_N10000_r2,"(4, 1, 2, 2)",35.313689744297115,1.8854514004102678,173.1514269762355,0.5515,0.4948,0.006671143615624636
Barisal,child,10000,3,barisal_child_N10000_r3,"(4, 1, 2, 3)",35.75504883002205,1.8337153363994827,177.17202955249434,0.5477,0.4936,0.006821190252140389
Barisal,child,10000,4,barisal_child_N10000_r4,"(4, 1, 2, 4)",38.10988721732106,2.0065689876317925,190.0035888656529,0.557,0.5002,0.007316220090883541
Barisal,child,20000,0,barisal_child_N20000_r0,"(4, 1, 3, 0)",35.07501653392564,1.9154043858787313,181.47038078251126,0.5518,0.4959,0.006987567558484322
Barisal,child,20000,1,barisal_child_N20000_r1,"(4, 1, 3, 1)",34.76331514682133,1.8138498221454222,177.02464980384664,0.5476,0.4918,0.006822956707087326
Barisal,child,20000,2,barisal_child_N20000_r2,"(4, 1, 3, 2)",35.58872121527186,1.913282765325173,176.74747992131438,0.55395,0.49595,0.006812215824821027
Barisal,child,20000,3,barisal_child_N20000_r3,"(4, 1, 3, 3)",35.558129068791146,1.9992522572938771,181.72820565327146,0.5567,0.49995,0.006997732001524215
Barisal,child,20000,4,barisal_child_N20000_r4,"(4, 1, 3, 4)",34.889554063525196,1.9784455589228744,178.99487474991975,0.5566,0.4996,0.006899708435585337
Sylhet,adult,1000,0,sylhet_adult_N1000_r0,"(5, 0, 0, 0)",1.3830888391642853,0.339631930530542,6.102380464513679,0.327,0.209,0.002740659463869559
Sylhet,adult,1000,1,sylhet_adult_N1000_r1,"(5, 0, 0, 1)",1.5301094030095337,0.39070149323433084,6.4964656717670675,0.329,0.204,0.0029117299314051787
Sylhet,adult,1000,2,sylhet_adult_N1000_r2,"(5, 0, 0, 2)",1.3634392894285379,0.32321148655665466,5.646653187307735,0.313,0.194,0.0025374034876690186
Sylhet,adult,1000,3,sylhet_adult_N1000_r3,"(5, 0, 0, 3)",1.451951881373358,0.3582664651301184,5.838236730710955,0.318,0.19,0.0026247668186014663
Sylhet,adult,1000,4,sylhet_adult_N1000_r4,"(5, 0, 0, 4)",1.4957775604478458,0.35849337082313903,6.988777633894081,0.319,0.197,0.0031354766519989656
Sylhet,adult,5000,0,sylhet_adult_N5000_r0,"(5, 0, 1, 0)",1.4924328722876594,0.3644583639501855,6.776381964510111,0.3334,0.2108,0.0030405228307948673
Sylhet,adult,5000,1,sylhet_adult_N5000_r1,"(5, 0, 1, 1)",1.5261294356729733,0.4066009990487498,6.702237320736348,0.3364,0.2122,0.0030129807544615026
Sylhet,adult,5000,2,sylhet_adult_N5000_r2,"(5, 0, 1, 2)",1.507527690862612,0.3640594596057478,6.511307380957501,0.3326,0.2058,0.002924530709129961
Sylhet,adult,5000,3,sylhet_adult_N5000_r3,"(5, 0, 1, 3)",1.5791532460804625,0.3915885269623392,7.110633371942921,0.3422,0.2148,0.00319693836781382
Sylhet,adult,5000,4,sylhet_adult_N5000_r4,"(5, 0, 1, 4)",1.5402167323507148,0.38570183489611853,7.003026355864844,0.342,0.2122,0.0031475265829382015
Sylhet,adult,10000,0,sylhet_adult_N10000_r0,"(5, 0, 2, 0)",1.475141197996738,0.3721815870815316,6.605225154256889,0.3283,0.2057,0.0029642743121581928
Sylhet,adult,10000,1,sylhet_adult_N10000_r1,"(5, 0, 2, 1)",1.4256686180135105,0.3778054489097958,6.251988132362937,0.3283,0.2024,0.0028019552517365488
Sylhet,adult,10000,2,sylhet_adult_N10000_r2,"(5, 0, 2, 2)",1.4592046795024551,0.3593807229322896,6.470377278177748,0.3262,0.2023,0.002908539293339993
Sylhet,adult,10000,3,sylhet_adult_N10000_r3,"(5, 0, 2, 3)",1.5062005976052468,0.3881439019809718,6.531010696589311,0.3356,0.2091,0.0029294093249539947
Sylhet,adult,10000,4,sylhet_adult_N10000_r4,"(5, 0, 2, 4)",1.4635959359880168,0.37049475341983507,6.351353426484257,0.3254,0.2073,0.002851451425748409
Sylhet,adult,20000,0,sylhet_adult_N20000_r0,"(5, 0, 3, 0)",1.481588553294308,0.37172861165745413,6.562742143032176,0.32925,0.20685,0.0029463367845132074
Sylhet,adult,20000,1,sylhet_adult_N20000_r1,"(5, 0, 3, 1)",1.475647073372031,0.3737998942778946,6.456012039635708,0.33075,0.20535,0.0028957351990593822
Sylhet,adult,20000,2,sylhet_adult_N20000_r2,"(5, 0, 3, 2)",1.452528965763338,0.37234555294739,6.400037659601314,0.33215,0.2042,0.002874249515617534
Sylhet,adult,20000,3,sylhet_adult_N20000_r3,"(5, 0, 3, 3)",1.4718371142109112,0.36997560961153797,6.411280844028087,0.328,0.2036,0.0028775548010066343
Sylhet,adult,20000,4,sylhet_adult_N20000_r4,"(5, 0, 3, 4)",1.4731545169243783,0.37480566463982046,6.6287489547246805,0.32985,0.2076,0.00297571540767858
Sylhet,child,1000,0,sylhet_child_N1000_r0,"(5, 1, 0, 0)",8.592221243635965,1.9794815115453614,37.71472129055957,0.583,0.497,0.0014532671185395255
Sylhet,child,1000,1,sylhet_child_N1000_r1,"(5, 1, 0, 1)",8.133777286217779,1.838098155080611,30.111437238494375,0.59,0.478,0.0011605884840668868
Sylhet,child,1000,2,sylhet_child_N1000_r2,"(5, 1, 0, 2)",7.324399553150408,2.07353676676545,32.53358991967814,0.613,0.506,0.0012540787262809035
Sylhet,child,1000,3,sylhet_child_N1000_r3,"(5, 1, 0, 3)",9.295721072210592,2.188605241741107,43.050472411600765,0.621,0.52,0.0016597353663434687
Sylhet,child,1000,4,sylhet_child_N1000_r4,"(5, 1, 0, 4)",7.992495582542544,1.8061961457215872,35.615228287955624,0.579,0.488,0.001372687193163211
Sylhet,child,5000,0,sylhet_child_N5000_r0,"(5, 1, 1, 0)",8.348841740661221,1.9633327911139864,35.80769162086375,0.5988,0.497,0.0013805787589537687
Sylhet,child,5000,1,sylhet_child_N5000_r1,"(5, 1, 1, 1)",7.904235269493016,1.9210849868666384,34.08572442886234,0.592,0.4934,0.0013137039872409273
Sylhet,child,5000,2,sylhet_child_N5000_r2,"(5, 1, 1, 2)",7.564611702422719,1.8979536526196132,32.93663562649357,0.5908,0.4908,0.0012697642818476616
Sylhet,child,5000,3,sylhet_child_N5000_r3,"(5, 1, 1, 3)",8.049279927768827,2.167964876335663,35.76072769593712,0.6078,0.5114,0.0013781046948836042
Sylhet,child,5000,4,sylhet_child_N5000_r4,"(5, 1, 1, 4)",8.083778845844899,1.904944447919232,35.663804773183884,0.5954,0.491,0.0013741519292565015
Sylhet,child,10000,0,sylhet_child_N10000_r0,"(5, 1, 2, 0)",8.206326507091864,2.0396904053812133,35.79471212538429,0.5995,0.5035,0.0013795314358671918
Sylhet,child,10000,1,sylhet_child_N10000_r1,"(5, 1, 2, 1)",8.174857937731803,1.983546577716284,36.1179813949792,0.6024,0.4981,0.0013900735875626007
Sylhet,child,10000,2,sylhet_child_N10000_r2,"(5, 1, 2, 2)",8.249472794565877,1.9508304625822488,36.983888195756336,0.5984,0.4955,0.0014240652768201356
Sylhet,child,10000,3,sylhet_child_N10000_r3,"(5, 1, 2, 3)",8.153778616360247,1.9085849468226863,36.381371157205024,0.5927,0.4932,0.0014021785280694953
Sylhet,child,10000,4,sylhet_child_N10000_r4,"(5, 1, 2, 4)",7.976315643958911,1.9376985933077324,35.01111749650897,0.594,0.4941,0.0013496313676285368
Sylhet,child,20000,0,sylhet_child_N20000_r0,"(5, 1, 3, 0)",8.300947625244985,2.0167471859623918,34.95486827914273,0.6041,0.5018,0.001346502615054356
Sylhet,child,20000,1,sylhet_child_N20000_r1,"(5, 1, 3, 1)",7.949183386183088,1.9200260145944466,35.405502768765416,0.5951,0.49285,0.001365002905422609
Sylhet,child,20000,2,sylhet_child_N20000_r2,"(5, 1, 3, 2)",8.31340677580164,1.986431969685609,36.19513985213924,0.6019,0.4988,0.001394446124712254
Sylhet,child,20000,3,sylhet_child_N20000_r3,"(5, 1, 3, 3)",8.033040452193024,1.9362380118321465,35.09082018432026,0.59275,0.49455,0.0013527327383322486
Sylhet,child,20000,4,sylhet_child_N20000_r4,"(5, 1, 3, 4)",8.241635517104594,1.9741992009299612,36.27349289902789,0.59845,0.4984,0.0013977822151700586
Rangpur,adult,1000,0,rangpur_adult_N1000_r0,"(6, 0, 0, 0)",0.3235011199951239,0.03290633995720667,1.5978413004079999,0.096,0.031,0.0007157620623463517
Rangpur,adult,1000,1,rangpur_adult_N1000_r1,"(6, 0, 0, 1)",0.36579932711247526,0.031869487932948554,1.8064936196811383,0.103,0.043,0.0008095643728345516
Rangpur,adult,1000,2,rangpur_adult_N1000_r2,"(6, 0, 0, 2)",0.3890093527817573,0.03933426876920815,1.8113393710588344,0.101,0.048,0.0008133718852832599
Rangpur,adult,1000,3,rangpur_adult_N1000_r3,"(6, 0, 0, 3)",0.3380332509417495,0.03456557792827499,1.6050092592675749,0.094,0.038,0.0007164985924870663
Rangpur,adult,1000,4,rangpur_adult_N1000_r4,"(6, 0, 0, 4)",0.3270007697593508,0.034038412264329146,1.5990269228615974,0.089,0.033,0.0007171516745064489
Rangpur,adult,5000,0,rangpur_adult_N5000_r0,"(6, 0, 1, 0)",0.3441799678952196,0.03223599750081883,1.7800688661565687,0.0988,0.0438,0.0007981788180111652
Rangpur,adult,5000,1,rangpur_adult_N5000_r1,"(6, 0, 1, 1)",0.35218836761443334,0.03236246645775429,1.7453755221042813,0.0984,0.0412,0.0007824049695291116
Rangpur,adult,5000,2,rangpur_adult_N5000_r2,"(6, 0, 1, 2)",0.3337230004506284,0.02910035676806818,1.592857483575737,0.0906,0.037,0.0007150792424793727
Rangpur,adult,5000,3,rangpur_adult_N5000_r3,"(6, 0, 1, 3)",0.34674718309648905,0.03190107019360397,1.7395298367892191,0.0934,0.0412,0.0007800823540550205
Rangpur,adult,5000,4,rangpur_adult_N5000_r4,"(6, 0, 1, 4)",0.3401080342935411,0.03456895288793256,1.7496500005501088,0.0952,0.042,0.0007857598671377617
Rangpur,adult,10000,0,rangpur_adult_N10000_r0,"(6, 0, 2, 0)",0.36440868465034437,0.031158018613648517,1.8416451916526837,0.0999,0.0441,0.0008271198807595723
Rangpur,adult,10000,1,rangpur_adult_N10000_r1,"(6, 0, 2, 1)",0.3478952383429755,0.032566018482233755,1.6995631595017873,0.0946,0.0407,0.0007629813083133767
Rangpur,adult,10000,2,rangpur_adult_N10000_r2,"(6, 0, 2, 2)",0.3538822560112882,0.031915614821245525,1.7959976937654063,0.0974,0.0429,0.0008061819977732243
Rangpur,adult,10000,3,rangpur_adult_N10000_r3,"(6, 0, 2, 3)",0.3401585133092467,0.029817522035790307,1.7301273158524435,0.0955,0.0393,0.0007774447252250336
Rangpur,adult,10000,4,rangpur_adult_N10000_r4,"(6, 0, 2, 4)",0.3474070379429304,0.03073582110663392,1.7470548109569615,0.098,0.0432,0.0007841845490909671
Rangpur,adult,20000,0,rangpur_adult_N20000_r0,"(6, 0, 3, 0)",0.3500232307636434,0.031245660069758346,1.739626454748378,0.0969,0.0407,0.0007816454942556727
Rangpur,adult,20000,1,rangpur_adult_N20000_r1,"(6, 0, 3, 1)",0.34101587697071445,0.031090616532025488,1.7162839594107029,0.09445,0.0411,0.0007700377485825157
Rangpur,adult,20000,2,rangpur_adult_N20000_r2,"(6, 0, 3, 2)",0.35107850460944634,0.03292673622369679,1.7377968136586026,0.09895,0.04115,0.0007794764324668582
Rangpur,adult,20000,3,rangpur_adult_N20000_r3,"(6, 0, 3, 3)",0.3594325376572833,0.03497613190042956,1.7847169182658933,0.1006,0.0415,0.0008021792095175424
Rangpur,adult,20000,4,rangpur_adult_N20000_r4,"(6, 0, 3, 4)",0.3345838617204952,0.03107063713781412,1.674678129916361,0.0929,0.03835,0.000752525042613734
Rangpur,child,1000,0,rangpur_child_N1000_r0,"(6, 1, 0, 0)",2.0437804007780938,0.1958636211729941,9.446694561865478,0.303,0.215,0.0003640221631188867
Rangpur,child,1000,1,rangpur_child_N1000_r1,"(6, 1, 0, 1)",1.9160672449820226,0.17055978937100658,8.508231844075192,0.292,0.214,0.0003277005363145434
Rangpur,child,1000,2,rangpur_child_N1000_r2,"(6, 1, 0, 2)",2.083288852339036,0.16525781522295233,10.23423010815493,0.3,0.214,0.0003940607656983057
Rangpur,child,1000,3,rangpur_child_N1000_r3,"(6, 1, 0, 3)",2.0558858417192845,0.18735288602886563,11.565190421343631,0.29,0.214,0.000445512784579158
Rangpur,child,1000,4,rangpur_child_N1000_r4,"(6, 1, 0, 4)",1.9541332068755397,0.15276275972066966,10.282907628154474,0.293,0.228,0.000395992794995524
Rangpur,child,5000,0,rangpur_child_N5000_r0,"(6, 1, 1, 0)",1.9295163873592378,0.16454777145463184,9.279186787547605,0.2952,0.2088,0.00035766106867065646
Rangpur,child,5000,1,rangpur_child_N5000_r1,"(6, 1, 1, 1)",1.993874394656236,0.18593117362288003,9.532484209732402,0.3084,0.2234,0.0003671702024518227
Rangpur,child,5000,2,rangpur_child_N5000_r2,"(6, 1, 1, 2)",1.8552835091622,0.16879191863527998,9.69552339164065,0.2926,0.2152,0.00037339364223229704
Rangpur,child,5000,3,rangpur_child_N5000_r3,"(6, 1, 1, 3)",1.9702320233168718,0.18059131195983663,9.76933217855158,0.3008,0.222,0.0003763599987331358
Rangpur,child,5000,4,rangpur_child_N5000_r4,"(6, 1, 1, 4)",1.9287679155477384,0.17175718550663255,9.482544419907418,0.2988,0.2126,0.0003654495300447477
Rangpur,child,10000,0,rangpur_child_N10000_r0,"(6, 1, 2, 0)",2.0008832513551402,0.17757652796493445,9.618298369322842,0.2992,0.2091,0.0003707102079610144
Rangpur,child,10000,1,rangpur_child_N10000_r1,"(6, 1, 2, 1)",1.919002827766512,0.1904425834924503,9.260855831893734,0.3013,0.2168,0.0003568908515618163
Rangpur,child,10000,2,rangpur_child_N10000_r2,"(6, 1, 2, 2)",1.9559682450928717,0.16889171419089846,9.637487069893156,0.294,0.204,0.0003714583647148815
Rangpur,child,10000,3,rangpur_child_N10000_r3,"(6, 1, 2, 3)",1.982796553668769,0.17229107507340052,9.754677821467153,0.3015,0.2138,0.0003758155642385061
Rangpur,child,10000,4,rangpur_child_N10000_r4,"(6, 1, 2, 4)",1.9126489332497048,0.17494536119715823,8.997700485340891,0.2994,0.2138,0.00034644232748241627
Rangpur,child,20000,0,rangpur_child_N20000_r0,"(6, 1, 3, 0)",1.9739024709504636,0.17194230647431502,9.826499596977134,0.2963,0.20915,0.0003783333447515589
Rangpur,child,20000,1,rangpur_child_N20000_r1,"(6, 1, 3, 1)",2.0166486157767256,0.16618389349914642,9.912976949238402,0.29795,0.212,0.00038205723389304696
Rangpur,child,20000,2,rangpur_child_N20000_r2,"(6, 1, 3, 2)",1.9492364458824232,0.17234239051179673,9.628101859989593,0.2976,0.2082,0.00037112297375228664
Rangpur,child,20000,3,rangpur_child_N20000_r3,"(6, 1, 3, 3)",1.9816093384123847,0.16750285323328643,9.72166937146106,0.29365,0.2075,0.0003746940225227006
Rangpur,child,20000,4,rangpur_child_N20000_r4,"(6, 1, 3, 4)",1.922516470180589,0.1757707050428369,9.494374671009512,0.2998,0.209,0.00036597004380314646
Mymensingh,adult,1000,0,mymensingh_adult_N1000_r0,"(7, 0, 0, 0)",1.7038340621706816,0.009213449901401754,8.147544011713663,0.208,0.159,0.0036595255218554042
Mymensingh,adult,1000,1,mymensingh_adult_N1000_r1,"(7, 0, 0, 1)",1.1318526976976049,0.011878691432535725,5.4502269898430935,0.191,0.127,0.002443758699781535
Mymensingh,adult,1000,2,mymensingh_adult_N1000_r2,"(7, 0, 0, 2)",1.388863610590717,0.010396988731721957,6.21829380608282,0.176,0.117,0.0027928629172670636
Mymensingh,adult,1000,3,mymensingh_adult_N1000_r3,"(7, 0, 0, 3)",1.504357622538481,0.008189968931034682,8.767008148533371,0.182,0.129,0.00393674254698355
Mymensingh,adult,1000,4,mymensingh_adult_N1000_r4,"(7, 0, 0, 4)",1.263326934862778,0.017227146673752573,6.259860763574151,0.199,0.134,0.0028027274121822637
Mymensingh,adult,5000,0,mymensingh_adult_N5000_r0,"(7, 0, 1, 0)",1.3488029326815132,0.01024390452067164,7.0390136989179055,0.1926,0.138,0.003157534047676003
Mymensingh,adult,5000,1,mymensingh_adult_N5000_r1,"(7, 0, 1, 1)",1.2451650445188875,0.012035530296365286,6.692112913306966,0.1882,0.1334,0.0030066518804330805
Mymensingh,adult,5000,2,mymensingh_adult_N5000_r2,"(7, 0, 1, 2)",1.2906060035067877,0.010922794978704652,7.055794377832244,0.1894,0.1318,0.0031567784763869705
Mymensingh,adult,5000,3,mymensingh_adult_N5000_r3,"(7, 0, 1, 3)",1.3740861709696945,0.009601906565433097,7.052854625939711,0.1856,0.1352,0.0031622649203541854
Mymensingh,adult,5000,4,mymensingh_adult_N5000_r4,"(7, 0, 1, 4)",1.4147587316024168,0.011091749168006676,7.239482333035281,0.1926,0.1362,0.0032511693237285318
Mymensingh,adult,10000,0,mymensingh_adult_N10000_r0,"(7, 0, 2, 0)",1.3685291260792942,0.011402953340628852,7.1913073392366975,0.1911,0.1381,0.003227278622435775
Mymensingh,adult,10000,1,mymensingh_adult_N10000_r1,"(7, 0, 2, 1)",1.252691653989406,0.011971287065021145,6.635500986597107,0.1862,0.1306,0.0029754330579447965
Mymensingh,adult,10000,2,mymensingh_adult_N10000_r2,"(7, 0, 2, 2)",1.3491101641736718,0.012780188418021542,7.268124640418828,0.2003,0.1412,0.003263345013388815
Mymensingh,adult,10000,3,mymensingh_adult_N10000_r3,"(7, 0, 2, 3)",1.3289645152651686,0.011125295537956825,7.0175323410781365,0.1907,0.134,0.0031419003094311426
Mymensingh,adult,10000,4,mymensingh_adult_N10000_r4,"(7, 0, 2, 4)",1.3605533074367344,0.011526836610284634,7.516306485233738,0.1952,0.1409,0.003370067815249264
Mymensingh,adult,20000,0,mymensingh_adult_N20000_r0,"(7, 0, 3, 0)",1.4281181555481315,0.011327116807951414,7.638379761368971,0.19635,0.1398,0.003430686461335997
Mymensingh,adult,20000,1,mymensingh_adult_N20000_r1,"(7, 0, 3, 1)",1.3366729869992664,0.010481545970455905,7.251694826546245,0.18965,0.134,0.003252404968702082
Mymensingh,adult,20000,2,mymensingh_adult_N20000_r2,"(7, 0, 3, 2)",1.3305051310984357,0.012478423607904875,7.307499447485316,0.19285,0.13665,0.0032742633357445913
Mymensingh,adult,20000,3,mymensingh_adult_N20000_r3,"(7, 0, 3, 3)",1.3199179094727957,0.01045617365058811,7.040028466946253,0.18925,0.1346,0.003161336505625181
Mymensingh,adult,20000,4,mymensingh_adult_N20000_r4,"(7, 0, 3, 4)",1.3225686393585987,0.011198522056986179,7.219131386518458,0.1936,0.1379,0.0032410851696676253
Mymensingh,child,1000,0,mymensingh_child_N1000_r0,"(7, 1, 0, 0)",8.083205440311797,0.06353544832028152,37.74794470553695,0.315,0.266,0.0014519344185566292
Mymensingh,child,1000,1,mymensingh_child_N1000_r1,"(7, 1, 0, 1)",5.998209272326768,0.053489993305095504,29.476730727836646,0.307,0.249,0.0011349980120271557
Mymensingh,child,1000,2,mymensingh_child_N1000_r2,"(7, 1, 0, 2)",6.3534681357416485,0.043186018756492,37.12849177871749,0.32,0.254,0.0014254995229769883
Mymensingh,child,1000,3,mymensingh_child_N1000_r3,"(7, 1, 0, 3)",8.196777264408025,0.07736493715917997,49.23036619874305,0.342,0.291,0.0018959376825855069
Mymensingh,child,1000,4,mymensingh_child_N1000_r4,"(7, 1, 0, 4)",7.702447778025509,0.05314109995324161,37.05987380224583,0.31,0.256,0.0014275343416080635
Mymensingh,child,5000,0,mymensingh_child_N5000_r0,"(7, 1, 1, 0)",7.257633942272287,0.0653330787112438,38.64187931226113,0.311,0.2648,0.0014890125988752132
Mymensingh,child,5000,1,mymensingh_child_N5000_r1,"(7, 1, 1, 1)",8.331372967362046,0.07152367994745482,42.13862177110516,0.3266,0.276,0.0016240629702423547
Mymensingh,child,5000,2,mymensingh_child_N5000_r2,"(7, 1, 1, 2)",7.549833085925589,0.058475868307909365,39.03685126851613,0.324,0.2724,0.0015045935548617323
Mymensingh,child,5000,3,mymensingh_child_N5000_r3,"(7, 1, 1, 3)",7.469378919144324,0.06828060251162027,41.86294002006976,0.3324,0.2808,0.0016138010767990946
Mymensingh,child,5000,4,mymensingh_child_N5000_r4,"(7, 1, 1, 4)",6.962817380454202,0.06079565119238621,37.761088975450136,0.3096,0.2596,0.0014541906426045366
Mymensingh,child,10000,0,mymensingh_child_N10000_r0,"(7, 1, 2, 0)",7.509836447436825,0.0574497868003067,37.908129010013305,0.3202,0.2672,0.0014608257973842992
Mymensingh,child,10000,1,mymensingh_child_N10000_r1,"(7, 1, 2, 1)",7.923623651459722,0.056623669858015785,40.24795453783649,0.3202,0.267,0.0015514230640692277
Mymensingh,child,10000,2,mymensingh_child_N10000_r2,"(7, 1, 2, 2)",7.686812761902004,0.05589435766939664,38.90079164456239,0.318,0.2666,0.001499414638850377
Mymensingh,child,10000,3,mymensingh_child_N10000_r3,"(7, 1, 2, 3)",7.543199655329517,0.06526960350169775,39.80579826269626,0.3183,0.269,0.0015327814565091703
Mymensingh,child,10000,4,mymensingh_child_N10000_r4,"(7, 1, 2, 4)",7.434560607855393,0.05981212431544629,40.76681809565499,0.321,0.2713,0.0015710978675441785
Mymensingh,child,20000,0,mymensingh_child_N20000_r0,"(7, 1, 3, 0)",7.463483484558378,0.06081479946491221,40.18615588107804,0.32345,0.2706,0.0015482147326119071
Mymensingh,child,20000,1,mymensingh_child_N20000_r1,"(7, 1, 3, 1)",7.390212740770082,0.0638675691343143,38.99137975095001,0.3236,0.27015,0.001501486630187685
Mymensingh,child,20000,2,mymensingh_child_N20000_r2,"(7, 1, 3, 2)",7.763084816818041,0.05836124381184557,41.68942465828281,0.32535,0.27285,0.0016048168227405211
Mymensingh,child,20000,3,mymensingh_child_N20000_r3,"(7, 1, 3, 3)",7.236493948561244,0.05614871653745922,37.70973258589792,0.3214,0.2697,0.0014535118800506305
Mymensingh,child,20000,4,mymensingh_child_N20000_r4,"(7, 1, 3, 4)",7.0804970524554545,0.0666124830779459,37.830106260151965,0.3233,0.26715,0.0014580719593999618
Comilla,adult,1000,0,comilla_adult_N1000_r0,"(8, 0, 0, 0)",11.078075515735778,3.7972594206655126,45.54479565027305,0.701,0.607,0.020446369122701494
Comilla,adult,1000,1,comilla_adult_N1000_r1,"(8, 0, 0, 1)",12.652537630427455,3.7703462828880085,56.375639240596804,0.718,0.621,0.0253068270775566
Comilla,adult,1000,2,comilla_adult_N1000_r2,"(8, 0, 0, 2)",11.49403272123676,3.670699834476822,46.68458834454841,0.715,0.612,0.020969756735948145
Comilla,adult,1000,3,comilla_adult_N1000_r3,"(8, 0, 0, 3)",12.813446963794725,4.12544165931847,53.29335484895577,0.726,0.623,0.023934591272503417
Comilla,adult,1000,4,comilla_adult_N1000_r4,"(8, 0, 0, 4)",11.879616369796244,3.8348982889086654,48.57857864229864,0.701,0.614,0.02180223109926583
Comilla,adult,5000,0,comilla_adult_N5000_r0,"(8, 0, 1, 0)",12.055591383283875,4.041390411266807,52.02003377022577,0.7136,0.6206,0.023353867121431553
Comilla,adult,5000,1,comilla_adult_N5000_r1,"(8, 0, 1, 1)",11.856302760916488,3.746298572627097,50.49801357620838,0.7062,0.6076,0.02268196631431762
Comilla,adult,5000,2,comilla_adult_N5000_r2,"(8, 0, 1, 2)",12.020876730999772,3.968343698436457,50.06360826965981,0.7106,0.623,0.022493376952804546
Comilla,adult,5000,3,comilla_adult_N5000_r3,"(8, 0, 1, 3)",11.529241127553634,3.792349093358591,47.74076070030182,0.718,0.6114,0.021411102565603954
Comilla,adult,5000,4,comilla_adult_N5000_r4,"(8, 0, 1, 4)",11.640746358006966,3.7295182315145627,49.512820060714176,0.703,0.608,0.02223748003812895
Comilla,adult,10000,0,comilla_adult_N10000_r0,"(8, 0, 2, 0)",12.097150161149953,4.079069716707418,51.33839908331366,0.7229,0.6254,0.023033887440399255
Comilla,adult,10000,1,comilla_adult_N10000_r1,"(8, 0, 2, 1)",11.568452342577226,3.840234173687737,48.36380500964981,0.7145,0.6128,0.0216802162894518
Comilla,adult,10000,2,comilla_adult_N10000_r2,"(8, 0, 2, 2)",11.556172357135626,3.980416833935764,48.31122869246709,0.7085,0.6172,0.021684771873918377
Comilla,adult,10000,3,comilla_adult_N10000_r3,"(8, 0, 2, 3)",11.650935548454028,3.859004092312336,47.853271469861944,0.7072,0.6072,0.021484064911145285
Comilla,adult,10000,4,comilla_adult_N10000_r4,"(8, 0, 2, 4)",11.85200978907208,3.90910051237187,50.01473197364523,0.7096,0.6182,0.022462194035380616
Comilla,adult,20000,0,comilla_adult_N20000_r0,"(8, 0, 3, 0)",11.579638643967876,3.8045282745453974,48.3854433729075,0.71135,0.6144,0.021725486491891825
Comilla,adult,20000,1,comilla_adult_N20000_r1,"(8, 0, 3, 1)",11.923757814676309,4.0017519886669035,50.74494213154123,0.7111,0.6183,0.022743667712380934
Comilla,adult,20000,2,comilla_adult_N20000_r2,"(8, 0, 3, 2)",11.55986718447679,3.7888078000299545,48.835803064117286,0.7098,0.6105,0.021912119263762544
Comilla,adult,20000,3,comilla_adult_N20000_r3,"(8, 0, 3, 3)",11.622189796634501,3.9051558607521493,48.220415587332724,0.7058,0.6129,0.021660573155082283
Comilla,adult,20000,4,comilla_adult_N20000_r4,"(8, 0, 3, 4)",11.724511258913001,3.7716725931041295,49.17154303237169,0.70995,0.61465,0.022058074913108943
Comilla,child,1000,0,comilla_child_N1000_r0,"(8, 1, 0, 0)",65.92389450597446,18.486793063360366,282.9500077609537,0.852,0.793,0.010904078161953181
Comilla,child,1000,1,comilla_child_N1000_r1,"(8, 1, 0, 1)",66.85536420294179,18.62624023764971,277.3723033329654,0.848,0.799,0.010690652433716717
Comilla,child,1000,2,comilla_child_N1000_r2,"(8, 1, 0, 2)",62.828648720997,19.113428107977004,265.819121044555,0.854,0.795,0.010240929146431694
Comilla,child,1000,3,comilla_child_N1000_r3,"(8, 1, 0, 3)",60.53706584530068,21.01155778319174,239.3005406334115,0.848,0.803,0.009223497451346695
Comilla,child,1000,4,comilla_child_N1000_r4,"(8, 1, 0, 4)",66.27592659735433,20.60997464925553,235.19984924673378,0.858,0.804,0.009059222780342272
Comilla,child,5000,0,comilla_child_N5000_r0,"(8, 1, 1, 0)",65.85843835993148,21.481081372121892,274.4954632584441,0.8534,0.8064,0.010577092190594167
Comilla,child,5000,1,comilla_child_N5000_r1,"(8, 1, 1, 1)",68.26089327451898,19.406405691450754,295.21309601266466,0.8506,0.8008,0.011349916292394149
Comilla,child,5000,2,comilla_child_N5000_r2,"(8, 1, 1, 2)",66.056215517929,19.78819481056285,276.2510614011893,0.8562,0.8066,0.010644337808022979
Comilla,child,5000,3,comilla_child_N5000_r3,"(8, 1, 1, 3)",62.27673868434558,20.19113722467337,268.4810611367801,0.8618,0.816,0.010350046598193243
Comilla,child,5000,4,comilla_child_N5000_r4,"(8, 1, 1, 4)",66.26205919862466,20.726840264957218,274.68620305829813,0.8606,0.8088,0.010585872063052304
Comilla,child,10000,0,comilla_child_N10000_r0,"(8, 1, 2, 0)",63.18176861226852,20.550179669594765,259.5923675834967,0.8514,0.801,0.01000006548980059
Comilla,child,10000,1,comilla_child_N10000_r1,"(8, 1, 2, 1)",63.680277626989465,19.31809990439271,273.5138311381401,0.8521,0.8017,0.01053285646019257
Comilla,child,10000,2,comilla_child_N10000_r2,"(8, 1, 2, 2)",66.23826275154008,20.563480772281206,279.47415936541796,0.8596,0.8079,0.010773646443450365
Comilla,child,10000,3,comilla_child_N10000_r3,"(8, 1, 2, 3)",63.576421863506795,20.30033228967424,265.69661709403135,0.8524,0.8021,0.010239398817246172
Comilla,child,10000,4,comilla_child_N10000_r4,"(8, 1, 2, 4)",63.63615777917335,20.604110732490273,271.8342881804418,0.8613,0.8115,0.010461522389520899
Comilla,child,20000,0,comilla_child_N20000_r0,"(8, 1, 3, 0)",63.97731737088249,19.381185982495854,268.54340422083044,0.8567,0.8042,0.010350753184695954
Comilla,child,20000,1,comilla_child_N20000_r1,"(8, 1, 3, 1)",65.58829409884594,20.43110734845859,278.1861893127261,0.8607,0.8094,0.010719999502774026
Comilla,child,20000,2,comilla_child_N20000_r2,"(8, 1, 3, 2)",65.2280773757003,20.675808608036668,275.59625571107364,0.85905,0.81055,0.010622574697867307
Comilla,child,20000,3,comilla_child_N20000_r3,"(8, 1, 3, 3)",65.07033226379093,20.498797434297693,273.72417751031617,0.85845,0.8089,0.010547236818319122
Comilla,child,20000,4,comilla_child_N20000_r4,"(8, 1, 3, 4)",63.52668489903519,20.213915293568427,268.14555604442626,0.8563,0.8081,0.01033480383683461
Bogra,adult,1000,0,bogra_adult_N1000_r0,"(9, 0, 0, 0)",1.0030680504909355,0.042405944107830634,4.523915868765048,0.155,0.098,0.0020286997583674328
Bogra,adult,1000,1,bogra_adult_N1000_r1,"(9, 0, 0, 1)",2.40107640707597,0.049007063510071905,4.977325931904869,0.166,0.103,0.002235669280289419
Bogra,adult,1000,2,bogra_adult_N1000_r2,"(9, 0, 0, 2)",3.0049422005277853,0.05557525223669062,7.677315990823008,0.17,0.13,0.003443519579457523
Bogra,adult,1000,3,bogra_adult_N1000_r3,"(9, 0, 0, 3)",3.5662659425611354,0.057922184323953976,4.840966721026593,0.151,0.099,0.002173418010682393
Bogra,adult,1000,4,bogra_adult_N1000_r4,"(9, 0, 0, 4)",1.938924761642836,0.05372741796942139,6.091547286196644,0.152,0.097,0.002733748153373096
Bogra,adult,5000,0,bogra_adult_N5000_r0,"(9, 0, 1, 0)",2.893436988284696,0.04435393912403165,5.231573893108787,0.142,0.0968,0.0023447380468081206
Bogra,adult,5000,1,bogra_adult_N5000_r1,"(9, 0, 1, 1)",3.044083428513775,0.051387286076977484,5.690028766473827,0.1528,0.0998,0.0025524602347972987
Bogra,adult,5000,2,bogra_adult_N5000_r2,"(9, 0, 1, 2)",2.762605533830227,0.051586097770904366,6.207777541511166,0.153,0.1014,0.0027883022451646454
Bogra,adult,5000,3,bogra_adult_N5000_r3,"(9, 0, 1, 3)",3.8280101876441726,0.045956541850359287,6.221783633169013,0.149,0.1012,0.002786108296767935
Bogra,adult,5000,4,bogra_adult_N5000_r4,"(9, 0, 1, 4)",2.9357515178033,0.05073967427481966,5.4808546840372445,0.1546,0.1018,0.0024591173276952566
Bogra,adult,10000,0,bogra_adult_N10000_r0,"(9, 0, 2, 0)",3.8282083818182007,0.04892305615512556,6.569588446862367,0.1553,0.1061,0.002951429867048944
Bogra,adult,10000,1,bogra_adult_N10000_r1,"(9, 0, 2, 1)",4.50945303227991,0.0450531651153726,6.02474094345108,0.1502,0.0982,0.002703934386609601
Bogra,adult,10000,2,bogra_adult_N10000_r2,"(9, 0, 2, 2)",2.515695808114657,0.04848689600243597,5.689159027327945,0.1488,0.1,0.0025530616956068084
Bogra,adult,10000,3,bogra_adult_N10000_r3,"(9, 0, 2, 3)",4.297096431395564,0.052756415563270695,6.961573219554516,0.1607,0.1121,0.003123629460860889
Bogra,adult,10000,4,bogra_adult_N10000_r4,"(9, 0, 2, 4)",2.517073142766531,0.05017464282768561,5.820726838203748,0.1529,0.1024,0.0026103058260777056
Bogra,adult,20000,0,bogra_adult_N20000_r0,"(9, 0, 3, 0)",3.551869099956564,0.04963715490721785,6.294328238940013,0.15305,0.1032,0.0028253422319309816
Bogra,adult,20000,1,bogra_adult_N20000_r1,"(9, 0, 3, 1)",3.919019320665386,0.04702730561668765,5.758562505361485,0.1499,0.10195,0.0025815784504265716
Bogra,adult,20000,2,bogra_adult_N20000_r2,"(9, 0, 3, 2)",2.6645797205955084,0.04983708990820443,5.836814562451209,0.15125,0.1027,0.0026144074489405753
Bogra,adult,20000,3,bogra_adult_N20000_r3,"(9, 0, 3, 3)",2.2229560579501664,0.04812979175501807,5.983420417642998,0.1476,0.101,0.0026872902244080513
Bogra,adult,20000,4,bogra_adult_N20000_r4,"(9, 0, 3, 4)",3.4720969629678815,0.05015125288189859,6.209692527480829,0.15025,0.10235,0.002784205723901151
Bogra,child,1000,0,bogra_child_N1000_r0,"(9, 1, 0, 0)",15.348875504824187,0.23347421415584277,33.602517748215796,0.32,0.243,0.0012947800761053277
Bogra,child,1000,1,bogra_child_N1000_r1,"(9, 1, 0, 1)",16.067935236124274,0.22942768726422186,29.951265606532456,0.326,0.244,0.0011540498383665022
Bogra,child,1000,2,bogra_child_N1000_r2,"(9, 1, 0, 2)",9.922964122049965,0.28177692800868825,36.865478101019065,0.323,0.239,0.0014191000464522114
Bogra,child,1000,3,bogra_child_N1000_r3,"(9, 1, 0, 3)",9.111988286110961,0.20599671417768,32.3219016122728,0.31,0.238,0.001246043377293088
Bogra,child,1000,4,bogra_child_N1000_r4,"(9, 1, 0, 4)",7.499979713101358,0.2793929587359752,24.69665011696323,0.331,0.239,0.0009511335494071793
Bogra,child,5000,0,bogra_child_N5000_r0,"(9, 1, 1, 0)",14.45464584522075,0.22366809485318978,29.979028215017134,0.307,0.2346,0.0011557537692786972
Bogra,child,5000,1,bogra_child_N5000_r1,"(9, 1, 1, 1)",11.557157374717665,0.2457306975388981,28.23683625606034,0.317,0.2466,0.0010882115326924968
Bogra,child,5000,2,bogra_child_N5000_r2,"(9, 1, 1, 2)",20.01648720503497,0.24600604294443618,32.70741423456205,0.3166,0.2408,0.0012606888430345198
Bogra,child,5000,3,bogra_child_N5000_r3,"(9, 1, 1, 3)",27.945370709248376,0.2521873100463592,30.041076323107312,0.3132,0.2326,0.0011571218049640731
Bogra,child,5000,4,bogra_child_N5000_r4,"(9, 1, 1, 4)",17.803954129940774,0.2766799626708989,28.672997574505345,0.328,0.2382,0.001104636670869965
Bogra,child,10000,0,bogra_child_N10000_r0,"(9, 1, 2, 0)",16.042191862718905,0.2477604320451232,33.266297294912235,0.3238,0.2459,0.0012824357603376153
Bogra,child,10000,1,bogra_child_N10000_r1,"(9, 1, 2, 1)",14.231281067763188,0.25751206295018925,32.91721760129953,0.3197,0.2405,0.0012680580743622504
Bogra,child,10000,2,bogra_child_N10000_r2,"(9, 1, 2, 2)",17.09203289202279,0.27388494962118914,30.724851180883935,0.3295,0.2516,0.001184108439357096
Bogra,child,10000,3,bogra_child_N10000_r3,"(9, 1, 2, 3)",16.198101106967414,0.2621101120638828,33.16661846809736,0.3232,0.2386,0.0012779947629385153
Bogra,child,10000,4,bogra_child_N10000_r4,"(9, 1, 2, 4)",26.111689146156323,0.2568950322417328,29.421861348232348,0.3228,0.2456,0.0011322645007467193
Bogra,child,20000,0,bogra_child_N20000_r0,"(9, 1, 3, 0)",13.937061688949246,0.2533810050363522,30.505140530033387,0.3244,0.24285,0.0011760579656501177
Bogra,child,20000,1,bogra_child_N20000_r1,"(9, 1, 3, 1)",16.461416084686853,0.24315132148468466,31.877513694158754,0.3169,0.24015,0.001227952995781122
Bogra,child,20000,2,bogra_child_N20000_r2,"(9, 1, 3, 2)",15.839057931383413,0.2552052900016611,33.21202918759031,0.32535,0.24215,0.0012801204499063698
Bogra,child,20000,3,bogra_child_N20000_r3,"(9, 1, 3, 3)",20.53180331679028,0.2590860450931318,34.16886103152958,0.324,0.24665,0.0013146492181447347
Bogra,child,20000,4,bogra_child_N20000_r4,"(9, 1, 3, 4)",19.144382815045443,0.2654195442237198,33.22709721584419,0.321,0.24185,0.0012760962895279955
