district,population,metric,N,replicates,across_seed_mean,between_seed_sd,seed_min,seed_max,between_seed_cv_pct,N_prev,abs_change,successive_rel_change_pct,binomial_mc_se,adequate
Barisal,adult,P50_HI,1000,5,0.3525221991334122,0.06508912633140572,0.2934629484933018,0.46039592504249344,18.463837594174517,,,,,False
Barisal,adult,P50_HI,5000,5,0.3895837164595264,0.03786493212989013,0.3491693410802834,0.43638981193286513,9.719331309326913,1000.0,0.03706151732611418,9.513107391377451,,False
Barisal,adult,P50_HI,10000,5,0.36202023871847716,0.011490790433185204,0.34779994089197713,0.3796546091912346,3.174074044551124,5000.0,0.027563477741049225,7.613794697948861,,False
Barisal,adult,P50_HI,20000,5,0.3642513003204058,0.007756916864304185,0.3526148970490173,0.3708822286236007,2.1295509055097344,10000.0,0.002231061601928652,0.6125061461595736,,True
Barisal,adult,P95_ELCR,1000,5,0.014031935529812231,0.0020317865945684976,0.010916026189252264,0.01629462596466516,14.479731539898873,,,,,False
Barisal,adult,P95_ELCR,5000,5,0.01470581105839624,0.0010266199686137366,0.013561457390064298,0.015788010690939398,6.981049630904859,1000.0,0.000673875528584009,4.582375809862331,,False
Barisal,adult,P95_ELCR,10000,5,0.01464521301745959,0.0006551660722310472,0.014093647668758395,0.01564163088531582,4.4735851329030005,5000.0,6.059804093665015e-05,0.41377370793041357,,True
Barisal,adult,P95_ELCR,20000,5,0.014931634019431062,0.00034574832356870107,0.014591794331400263,0.015470270941369766,2.3155424457816647,10000.0,0.00028642100197147184,1.9182160612746206,,True
Barisal,adult,P95_HI,1000,5,31.283447307718482,4.528072237767959,24.284526045522043,36.28008739409646,14.474339075319106,,,,,False
Barisal,adult,P95_HI,5000,5,32.774798638093635,2.3248952937219594,30.239244656864155,35.292948822895234,7.093545621420752,1000.0,1.4913513303751529,4.5502989868617485,,False
Barisal,adult,P95_HI,10000,5,32.628093658737825,1.4444190368423195,31.406414771062938,34.82338165928123,4.426918262371431,5000.0,0.1467049793558104,0.44962779894596355,,True
Barisal,adult,P95_HI,20000,5,33.26534022150356,0.7640999206480554,32.52478414077546,34.453595648272724,2.296985136962832,10000.0,0.637246562765732,1.9156472127520876,,True
Barisal,adult,P_HI_gt_1,1000,5,0.3948,0.015642889758609155,0.378,0.411,3.9622314484825623,,,,0.015457456453116728,False
Barisal,adult,P_HI_gt_1,5000,5,0.41175999999999996,0.006567191180405815,0.4026,0.4182,1.5949075141844318,1000.0,0.016959999999999975,4.118904216048178,0.006960081930552255,False
Barisal,adult,P_HI_gt_1,10000,5,0.40646000000000004,0.0033313660861574216,0.4031,0.412,0.8196049023661421,5000.0,0.005299999999999916,1.3039413472420203,0.004911723408336426,True
Barisal,adult,P_HI_gt_1,20000,5,0.40506000000000003,0.004895840070917349,0.3972,0.4089,1.2086703379542163,10000.0,0.0014000000000000123,0.34562780822594485,0.0034712130185282496,True
Barisal,adult,P_HI_gt_2,1000,5,0.3182,0.013084341787036909,0.305,0.34,4.11198673382681,,,,0.01472918056104955,False
Barisal,adult,P_HI_gt_2,5000,5,0.34296,0.003707829553795578,0.3366,0.346,1.0811259487390885,1000.0,0.024760000000000004,7.219500816421742,0.006713247178526946,False
Barisal,adult,P_HI_gt_2,10000,5,0.33276,0.0035139721114430993,0.3297,0.3379,1.0560079671364044,5000.0,0.010199999999999987,3.0652722683014746,0.004712014244460642,False
Barisal,adult,P_HI_gt_2,20000,5,0.33388999999999996,0.0035664057536965678,0.3278,0.33725,1.0681379357562575,10000.0,0.0011299999999999644,0.33843481386084173,0.003334722386496363,True
Barisal,adult,mean_HI,1000,5,5.726540639914092,0.6288841218214516,4.662038829840865,6.242026062668504,10.98192017425176,,,,,False
Barisal,adult,mean_HI,5000,5,6.489460557201416,0.3204781865366058,6.0742572389617,6.788901341807964,4.938441087849254,1000.0,0.7629199172873236,11.756291768207205,,False
Barisal,adult,mean_HI,10000,5,6.4121465991129,0.19892457317881293,6.159459674689664,6.710946085962596,3.1023085655330074,5000.0,0.07731395808851627,1.2057422096246584,,True
Barisal,adult,mean_HI,20000,5,6.402993458558075,0.12619993983689817,6.280115720307857,6.576883457081042,1.9709521906230063,10000.0,0.009153140554825079,0.14295095901732072,,True
Barisal,child,P50_HI,1000,5,1.9247369572246413,0.3060171718138231,1.5549895117805494,2.281896456907016,15.899168489759871,,,,,False
Barisal,child,P50_HI,5000,5,1.9282114753325743,0.14223906957897609,1.7290013213487199,2.0960445556134015,7.376735975209511,1000.0,0.003474518107932978,0.18019383000164438,,False
Barisal,child,P50_HI,10000,5,1.983463073411561,0.1808190167550491,1.8337153363994827,2.286817194527662,9.116328868378677,5000.0,0.05525159807898672,2.785612639813548,,False
Barisal,child,P50_HI,20000,5,1.9240469579132156,0.07236887361223093,1.8138498221454222,1.9992522572938771,3.7612841679665046,10000.0,0.05941611549834547,3.088080322259237,,True
Barisal,child,P95_ELCR,1000,5,0.006403246779209904,0.0006571786245887362,0.005610131292032125,0.007235887202037327,10.263209388125839,,,,,False
Barisal,child,P95_ELCR,5000,5,0.006851509425359252,0.0001978563700699837,0.006572244598504207,0.007066681413586086,2.8877778280164783,1000.0,0.00044826264614934806,6.542538560776246,,False
Barisal,child,P95_ELCR,10000,5,0.006919474788572561,0.0002617953421403987,0.006671143615624636,0.007316220090883541,3.7834568394229997,5000.0,6.796536321330895e-05,0.9822329770686212,,True
Barisal,child,P95_ELCR,20000,5,0.006904036105500446,8.772112927805564e-05,0.006812215824821027,0.006997732001524215,1.2705774989816205,10000.0,1.5438683072114927e-05,0.2236182261534659,,True
Barisal,child,P95_HI,1000,5,166.20595496866514,17.053580274464526,145.56506873274915,187.7033880559386,10.260510989320233,,,,,False
Barisal,child,P95_HI,5000,5,177.8002500746772,5.063361998877138,170.66777380340528,183.31245941683002,2.8477811458366875,1000.0,11.594295106012055,6.520966703445231,,False
Barisal,child,P95_HI,10000,5,179.65030360171426,6.818430642018167,173.1514269762355,190.0035888656529,3.7953905478137493,5000.0,1.850053527037062,1.0298081828676677,,True
Barisal,child,P95_HI,20000,5,179.1931181821727,2.363011611600126,176.74747992131438,181.72820565327146,1.3186955144102257,10000.0,0.45718541954155967,0.2551355901272795,,True
Barisal,child,P_HI_gt_1,1000,5,0.5536,0.014673104647619742,0.535,0.568,2.650488556289693,,,,0.01572027480675831,False
Barisal,child,P_HI_gt_1,5000,5,0.55404,0.007792817205606734,0.5432,0.562,1.4065441494489088,1000.0,0.00043999999999999595,0.07941664861742762,0.007029646910051742,True
Barisal,child,P_HI_gt_1,10000,5,0.55594,0.00673520601021234,0.5477,0.5653,1.2114987247207145,5000.0,0.0019000000000000128,0.3417634996582388,0.004968608622139602,True
Barisal,child,P_HI_gt_1,20000,5,0.55333,0.0037949967061909327,0.5476,0.5567,0.6858469098351676,10000.0,0.002610000000000001,0.47168958849149717,0.0035153656360327585,True
Barisal,child,P_HI_gt_2,1000,5,0.495,0.01537855649922972,0.475,0.511,3.106779090753479,,,,0.01581059771166163,False
Barisal,child,P_HI_gt_2,5000,5,0.49616,0.006966204131375997,0.4854,0.503,1.4040237285101576,1000.0,0.0011599999999999944,0.23379554982263673,0.007070859274515368,True
Barisal,child,P_HI_gt_2,10000,5,0.49901999999999996,0.007258925540326181,0.4936,0.5112,1.454636195007451,5000.0,0.0028599999999999737,0.5731233217105475,0.004999990395990776,True
Barisal,child,P_HI_gt_2,20000,5,0.49664,0.003322912878785714,0.4918,0.49995,0.669078785193644,10000.0,0.0023799999999999377,0.4792203608247297,0.003535454075504305,True
Barisal,child,mean_HI,1000,5,32.37465179227714,3.909147250174263,27.84860646527478,37.832838376472075,12.0747159699391,,,,,False
Barisal,child,mean_HI,5000,5,34.873533854559824,1.4715267051185597,32.766554163923566,36.77505443791145,4.2196088049337535,1000.0,2.498882062282682,7.165554465183475,,False
Barisal,child,mean_HI,10000,5,36.375157887023214,1.0635807839385485,35.313689744297115,38.10988721732106,2.9239207352498653,5000.0,1.5016240324633898,4.128158115841724,,True
Barisal,child,mean_HI,20000,5,35.17494720566704,0.38043186244633725,34.76331514682133,35.58872121527186,1.0815420993298486,10000.0,1.2002106813561753,3.4121179325119475,,True
Bogra,adult,P50_HI,1000,5,0.05172757242959371,0.00615368105188173,0.042405944107830634,0.057922184323953976,11.896326780572377,,,,,False
Bogra,adult,P50_HI,5000,5,0.048804707819418494,0.0033937931238259508,0.04435393912403165,0.051586097770904366,6.953823258984091,1000.0,0.002922864610175213,5.988898900880745,,False
Bogra,adult,P50_HI,10000,5,0.04907883513277809,0.002797591394392097,0.0450531651153726,0.052756415563270695,5.700199254573752,5000.0,0.0002741273133595942,0.5585448648444263,,False
Bogra,adult,P50_HI,20000,5,0.048956519013805315,0.0013296053575284664,0.04702730561668765,0.05015125288189859,2.7158903131032033,10000.0,0.0001223161189727734,0.24984643809802184,,True
Bogra,adult,P95_ELCR,1000,5,0.002523010956433973,0.0005789797747627456,0.0020286997583674328,0.003443519579457523,22.947969103593447,,,,,False
Bogra,adult,P95_ELCR,5000,5,0.0025861452302466514,0.00019773775677264015,0.0023447380468081206,0.0027883022451646454,7.6460422431025306,1000.0,6.313427381267854e-05,2.441250130668693,,False
Bogra,adult,P95_ELCR,10000,5,0.0027884722472407896,0.00024145061349368274,0.0025530616956068084,0.003123629460860889,8.658885299382112,5000.0,0.00020232701699413828,7.255837571786562,,False
Bogra,adult,P95_ELCR,20000,5,0.0026985648159214663,0.0001052405184236214,0.0025815784504265716,0.0028253422319309816,3.899869953195303,10000.0,8.990743131932332e-05,3.3316758148209624,,True
Bogra,adult,P95_HI,1000,5,5.622214359743232,1.2919176292013739,4.523915868765048,7.677315990823008,22.978804195939198,,,,,False
Bogra,adult,P95_HI,5000,5,5.766403703660008,0.4403396543666762,5.231573893108787,6.221783633169013,7.636295982662247,1000.0,0.14418934391677585,2.500507271547032,,False
Bogra,adult,P95_HI,10000,5,6.213157695079931,0.536480692014997,5.689159027327945,6.961573219554516,8.634589983766624,5000.0,0.4467539914199232,7.190449902369262,,False
Bogra,adult,P95_HI,20000,5,6.016563650375306,0.2315300893763575,5.758562505361485,6.294328238940013,3.8482114181891007,10000.0,0.19659404470462505,3.2675469940779527,,True
Bogra,adult,P_HI_gt_1,1000,5,0.1588,0.008642916174532767,0.151,0.17,5.4426424272876375,,,,0.011557792176709183,False
Bogra,adult,P_HI_gt_1,5000,5,0.15028,0.005064780350617393,0.142,0.1546,3.3702291393514723,1000.0,0.00852,5.669417088102209,0.005053630805668337,True
Bogra,adult,P_HI_gt_1,10000,5,0.15358,0.004700744621865779,0.1488,0.1607,3.060779152145969,5000.0,0.0032999999999999974,2.1487172808959483,0.003605456747764421,True
Bogra,adult,P_HI_gt_1,20000,5,0.15041,0.0019910424405320897,0.1476,0.15305,1.3237433950748554,10000.0,0.003170000000000006,2.1075726347982227,0.002527714698101825,True
Bogra,adult,P_HI_gt_2,1000,5,0.10540000000000001,0.013939153489362258,0.097,0.13,13.225003310590377,,,,0.00971034705867921,False
Bogra,adult,P_HI_gt_2,5000,5,0.1002,0.0020445048300260908,0.0968,0.1018,2.040423982061967,1000.0,0.00520000000000001,5.189620758483044,0.004246409306696659,True
Bogra,adult,P_HI_gt_2,10000,5,0.10376,0.005521141186385294,0.0982,0.1121,5.321068992275726,5000.0,0.0035600000000000076,3.4309946029298453,0.0030494895048187986,True
Bogra,adult,P_HI_gt_2,20000,5,0.10224,0.0008317150954503552,0.101,0.1032,0.8134928554874367,10000.0,0.0015200000000000075,1.4866979655712123,0.0021422766207938693,True
Bogra,adult,mean_HI,1000,5,2.3828554724597324,0.985985806981016,1.0030680504909355,3.5662659425611354,41.37833025866314,,,,,False
Bogra,adult,mean_HI,5000,5,3.0927775312152344,0.4231859944275524,2.762605533830227,3.8280101876441726,13.683040249625435,1000.0,0.709922058755502,22.95419090414029,,False
Bogra,adult,mean_HI,10000,5,3.5335053592749723,0.9606593816946213,2.515695808114657,4.50945303227991,27.187149417306546,5000.0,0.440727828059738,12.472821836901627,,False
Bogra,adult,mean_HI,20000,5,3.1661042324271014,0.6982804825512063,2.2229560579501664,3.919019320665386,22.05487979199952,10000.0,0.36740112684787096,11.604201879551677,,False
Bogra,child,P50_HI,1000,5,0.24601370046848162,0.033267390449866874,0.20599671417768,0.28177692800868825,13.52257633884458,,,,,False
Bogra,child,P50_HI,5000,5,0.24885442161075644,0.01895778764292277,0.22366809485318978,0.2766799626708989,7.618023228285425,1000.0,0.0028407211422748213,1.141519256072577,,False
Bogra,child,P50_HI,10000,5,0.2596325177844235,0.00951586651699447,0.2477604320451232,0.27388494962118914,3.6651289284555744,5000.0,0.01077809617366704,4.15128900865039,,True
Bogra,child,P50_HI,20000,5,0.2552486411679099,0.008185475328556931,0.24315132148468466,0.2654195442237198,3.2068634297536924,10000.0,0.004383876616513571,1.7174926363779273,,True
Bogra,child,P95_ELCR,1000,5,0.0012130213775248615,0.0001748615395077167,0.0009511335494071793,0.0014191000464522114,14.415371628859264,,,,,False
Bogra,child,P95_ELCR,5000,5,0.0011532825241679504,6.737510192308381e-05,0.0010882115326924968,0.0012606888430345198,5.842029208904591,1000.0,5.973885335691111e-05,5.179897562395687,,False
Bogra,child,P95_ELCR,10000,5,0.0012289723075484392,6.736914287996598e-05,0.0011322645007467193,0.0012824357603376153,5.481746209103305,5000.0,7.568978338048883e-05,6.15878672900899,,False
Bogra,child,P95_ELCR,20000,5,0.001254975383802068,5.384584908642814e-05,0.0011760579656501177,0.0013146492181447347,4.290590061081277,10000.0,2.6003076253628766e-05,2.0719989084447183,,True
Bogra,child,P95_HI,1000,5,31.487562637000668,4.543342184088382,24.69665011696323,36.865478101019065,14.429005625064017,,,,,False
Bogra,child,P95_HI,5000,5,29.927470520650434,1.7446774856641147,28.23683625606034,32.70741423456205,5.829685754632218,1000.0,1.5600921163502335,5.212910042877646,,False
Bogra,child,P95_HI,10000,5,31.899369178685085,1.7340679214624475,29.421861348232348,33.266297294912235,5.436057094888066,5000.0,1.9718986580346503,6.181622736766399,,False
Bogra,child,P95_HI,20000,5,32.59812833183124,1.4264957698992957,30.505140530033387,34.16886103152958,4.376005135565894,10000.0,0.6987591531461561,2.1435560533818614,,True
Bogra,child,P_HI_gt_1,1000,5,0.322,0.007842193570679067,0.31,0.331,2.435463841825797,,,,0.014775520295407536,False
Bogra,child,P_HI_gt_1,5000,5,0.31636,0.007641204093596767,0.307,0.328,2.4153508956874346,1000.0,0.005640000000000034,1.7827791124036017,0.00657687388354072,True
Bogra,child,P_HI_gt_1,10000,5,0.3238,0.0035587919298548628,0.3197,0.3295,1.0990710098378205,5000.0,0.007440000000000002,2.297714638665844,0.004679247375379934,True
Bogra,child,P_HI_gt_1,20000,5,0.32233,0.0034441254332558684,0.3169,0.32535,1.0685091158923676,10000.0,0.0014699999999999713,0.4560543542332303,0.003304794782584843,True
Bogra,child,P_HI_gt_2,1000,5,0.24059999999999998,0.0027018512172212604,0.238,0.244,1.1229639306821533,,,,0.013517086964283392,False
Bogra,child,P_HI_gt_2,5000,5,0.23856000000000002,0.005499818178812826,0.2326,0.2466,2.305423448529856,1000.0,0.0020399999999999585,0.855130784708232,0.0060274227726284475,True
Bogra,child,P_HI_gt_2,10000,5,0.24444,0.005108130773580487,0.2386,0.2516,2.089727856971235,5000.0,0.005879999999999969,2.405498281786929,0.00429754681649892,True
Bogra,child,P_HI_gt_2,20000,5,0.24273000000000003,0.002405618423607538,0.24015,0.24665,0.9910676157077978,10000.0,0.0017099999999999616,0.7044864664441813,0.003031601450553816,True
Bogra,child,mean_HI,1000,5,11.59034857244215,3.8674560453857554,7.499979713101358,16.067935236124274,33.36790107056169,,,,,False
Bogra,child,mean_HI,5000,5,18.355523052832506,6.254255094475707,11.557157374717665,27.945370709248376,34.07287864515847,1000.0,6.765174480390357,36.85634269815263,,False
Bogra,child,mean_HI,10000,5,17.935059215125726,4.6873743518801305,14.231281067763188,26.111689146156323,26.135259971302368,5000.0,0.4204638377067802,2.3443682714589396,,False
Bogra,child,mean_HI,20000,5,17.182744367371047,2.6421811550660217,13.937061688949246,20.53180331679028,15.376945024470931,10000.0,0.752314847754679,4.378316010935237,,False
Chittagong,adult,P50_HI,1000,5,0.23586816005289032,0.009244382438401652,0.22662199811085643,0.2493741459397638,3.9193006959178898,,,,,False
Chittagong,adult,P50_HI,5000,5,0.2241784078808088,0.006265871861023969,0.21443804950467754,0.2305717107503324,2.795038077153001,1000.0,0.011689752172081513,5.214486213273815,,False
Chittagong,adult,P50_HI,10000,5,0.22627566035184166,0.003955526135379438,0.22104613426090847,0.2305973845555262,1.748100581931301,5000.0,0.0020972524710328455,0.9268572977631688,,True
Chittagong,adult,P50_HI,20000,5,0.22908052878307225,0.004126968670127062,0.22382494056207364,0.23481229462963932,1.8015362073985322,10000.0,0.002804868431230595,1.2244028098462547,,True
Chittagong,adult,P95_ELCR,1000,5,0.0029193755064585284,6.818752644629593e-05,0.0028403866540731106,0.002989201465567476,2.335688790134904,,,,,False
Chittagong,adult,P95_ELCR,5000,5,0.002913724091872178,0.00015834497911946743,0.002768803866566521,0.0031832045777671725,5.434453439197284,1000.0,5.65141458635024e-06,0.19395846717658813,,False
Chittagong,adult,P95_ELCR,10000,5,0.002895829037978011,8.849562971609799e-05,0.002766336279628164,0.0029942951442597484,3.0559687245172924,5000.0,1.7895053894167318e-05,0.6179596122381035,,True
Chittagong,adult,P95_ELCR,20000,5,0.002998981651499958,6.873594895827834e-05,0.0029241085196010557,0.0031027962937486948,2.291976308821351,10000.0,0.00010315261352194724,3.439588017164255,,True
Chittagong,adult,P95_HI,1000,5,6.500475407097601,0.14626620066774468,6.334310599469507,6.652035084560909,2.250084670854114,,,,,False
Chittagong,adult,P95_HI,5000,5,6.49771635677393,0.347598932134292,6.197690448805085,7.093864035304151,5.349555336805628,1000.0,0.002759050323670742,0.04246184616529785,,False
Chittagong,adult,P95_HI,10000,5,6.453816259579453,0.19884729994207287,6.161167491919258,6.663347732213144,3.081080897630486,5000.0,0.04390009719447718,0.6802191978942057,,True
Chittagong,adult,P95_HI,20000,5,6.684393377267933,0.14899441777110786,6.525511399674406,6.911775516225042,2.2289893691445988,10000.0,0.23057711768848055,3.4494845631410573,,True
Chittagong,adult,P_HI_gt_1,1000,5,0.25060000000000004,0.007829431652425348,0.238,0.257,3.124274402404368,,,,0.013704000875656715,False
Chittagong,adult,P_HI_gt_1,5000,5,0.23068,0.006734389356133185,0.2232,0.2372,2.9193642084849944,1000.0,0.01992000000000005,8.635338997745816,0.0059576293540300074,False
Chittagong,adult,P_HI_gt_1,10000,5,0.23414000000000001,0.002761883415352654,0.2319,0.2387,1.1795863224364285,5000.0,0.0034600000000000186,1.477748355684641,0.004234601048505042,True
Chittagong,adult,P_HI_gt_1,20000,5,0.2364,0.0022059578418455726,0.2333,0.23835,0.9331462951969427,10000.0,0.0022599999999999842,0.9560067681895027,0.003004288934173942,True
Chittagong,adult,P_HI_gt_2,1000,5,0.1578,0.008167006795638171,0.148,0.167,5.175542963015317,,,,0.011528189797188457,False
Chittagong,adult,P_HI_gt_2,5000,5,0.14300000000000002,0.006318227599572516,0.1332,0.1474,4.418340978722038,1000.0,0.01479999999999998,10.349650349650334,0.0049507777166825015,False
Chittagong,adult,P_HI_gt_2,10000,5,0.1416,0.0010173494974687885,0.1401,0.1425,0.7184671592293703,5000.0,0.0014000000000000123,0.9887005649717601,0.0034863941257408065,True
Chittagong,adult,P_HI_gt_2,20000,5,0.14493,0.00207503012026332,0.14265,0.14815,1.431746443292155,10000.0,0.0033299999999999996,2.2976609397640235,0.002489229751348798,True
Chittagong,adult,mean_HI,1000,5,1.8279407647006523,0.19942416221179982,1.5709936768879997,2.0519327307400763,10.909771589040412,,,,,False
Chittagong,adult,mean_HI,5000,5,1.9220982822303523,0.1860126200020998,1.7978184170966724,2.2388158416600494,9.677581095710448,1000.0,0.09415751752970003,4.89868381862566,,False
Chittagong,adult,mean_HI,10000,5,1.8575209661761776,0.11729746579699056,1.730233094032361,2.027689954398593,6.314731727548394,5000.0,0.06457731605417472,3.476532283084327,,False
Chittagong,adult,mean_HI,20000,5,1.8525088786587158,0.024802058055135155,1.8111475746488765,1.875049239081087,1.3388361233168693,10000.0,0.0050120875174617385,0.270556733908378,,True
Chittagong,child,P50_HI,1000,5,1.2151548018779823,0.048345390459234965,1.1562202320673864,1.2903887060866706,3.978537580933617,,,,,False
Chittagong,child,P50_HI,5000,5,1.2231068762159263,0.04871254899983851,1.1741764464539055,1.283394878786757,3.9826894891267735,1000.0,0.007952074337943982,0.6501536777020073,,True
Chittagong,child,P50_HI,10000,5,1.198208191930159,0.030268835217024337,1.168518297884778,1.2458144302789398,2.5261749519726737,5000.0,0.024898684285767247,2.077993161243429,,True
Chittagong,child,P50_HI,20000,5,1.1941265916931432,0.011119202172419554,1.1819033139990713,1.2085189920203345,0.9311577390344955,10000.0,0.00408160023701587,0.3418063265159014,,True
Chittagong,child,P95_ELCR,1000,5,0.001337851048606991,0.0001447301612679712,0.0011690434578143726,0.001490296923475789,10.818107248835243,,,,,False
Chittagong,child,P95_ELCR,5000,5,0.0013641628051852734,0.00011961629665669067,0.0011696338419953706,0.0014970871783929571,8.76847662185343,1000.0,2.6311756578282445e-05,1.9287841948387474,,False
Chittagong,child,P95_ELCR,10000,5,0.0013638928463127593,7.023604866341157e-05,0.0013182786806770572,0.0014880458717785074,5.149674980207755,5000.0,2.699588725141658e-07,0.01979326112340797,,False
Chittagong,child,P95_ELCR,20000,5,0.0013892366750094117,4.0161531060921994e-05,0.00133644155439399,0.0014475578116035887,2.890906336074802,10000.0,2.534382869665247e-05,1.82429885076859,,True
Chittagong,child,P95_HI,1000,5,34.72459966989163,3.777916041144242,30.31706188332011,38.68836827143817,10.879653263274129,,,,,False
Chittagong,child,P95_HI,5000,5,35.40899727963999,3.100965176462079,30.360973754908912,38.846979381071826,8.75756280804122,1000.0,0.6843976097483591,1.9328353309284036,,False
Chittagong,child,P95_HI,10000,5,35.3882500260615,1.8163038423209295,34.22382429421064,38.59982271991028,5.132505396518114,5000.0,0.02074725357849161,0.05862752061266776,,False
Chittagong,child,P95_HI,20000,5,36.07681704214794,1.023670177020486,34.7216720846427,37.55786499410182,2.8374736491430195,10000.0,0.6885670160864379,1.9086135433788316,,True
Chittagong,child,P_HI_gt_1,1000,5,0.5398000000000001,0.011497825881443848,0.53,0.558,2.1300159098636247,,,,0.015761216958090515,False
Chittagong,child,P_HI_gt_1,5000,5,0.5398799999999999,0.007291913329161263,0.5302,0.5482,1.3506544656518604,1000.0,7.999999999985796e-05,0.014818107727616874,0.00704854007011381,True
Chittagong,child,P_HI_gt_1,10000,5,0.53534,0.004250058823122324,0.5298,0.5403,0.7938989844066059,5000.0,0.0045399999999998775,0.8480591773452156,0.004987495207015241,True
Chittagong,child,P_HI_gt_1,20000,5,0.53345,0.002116896313001687,0.53105,0.53685,0.39683125185147383,10000.0,0.0018900000000000583,0.35429749742244976,0.003527613198041985,True
Chittagong,child,P_HI_gt_2,1000,5,0.39960000000000007,0.001673320053068153,0.398,0.402,0.41874876202906725,,,,0.015489346015891053,False
Chittagong,child,P_HI_gt_2,5000,5,0.40443999999999997,0.006876627080189834,0.3968,0.4156,1.7002836218449793,1000.0,0.0048399999999999,1.1967164474334637,0.006940724550074006,True
Chittagong,child,P_HI_gt_2,10000,5,0.4029,0.005843372313998144,0.3977,0.4127,1.4503281990563774,5000.0,0.0015399999999999858,0.3822288409034465,0.0049048097822443635,True
Chittagong,child,P_HI_gt_2,20000,5,0.40033,0.0024391596913691596,0.39685,0.4033,0.609287260852087,10000.0,0.002569999999999961,0.6419703744410764,0.0034645771105576506,True
Chittagong,child,mean_HI,1000,5,8.842933613927102,1.6443390310992398,6.889018855528153,10.623998769695259,18.59494940128808,,,,,False
Chittagong,child,mean_HI,5000,5,10.604226510723839,2.14346216978789,7.663801333685103,12.718134571547344,20.213281634641152,1000.0,1.7612928967967374,16.609348121860446,,False
Chittagong,child,mean_HI,10000,5,10.196408301368896,0.8130456739659744,9.275554206496189,11.337557096426087,7.97384382750562,5000.0,0.40781820935494295,3.9996261163864166,,False
Chittagong,child,mean_HI,20000,5,10.611552630043317,0.6288412553951616,9.716144618053095,11.313999455222955,5.926006092782245,10000.0,0.41514432867442075,3.912192147066853,,False
Comilla,adult,P50_HI,1000,5,3.839729097251496,0.1709119253187047,3.670699834476822,4.12544165931847,4.45114540609244,,,,,False
Comilla,adult,P50_HI,5000,5,3.8555800014407025,0.14059988266107995,3.7295182315145627,4.041390411266807,3.646659714194555,1000.0,0.01585090418920654,0.41111594580539323,,True
Comilla,adult,P50_HI,10000,5,3.9335650658030246,0.09776911600484318,3.840234173687737,4.079069716707418,2.4855090577962495,5000.0,0.07798506436232211,1.9825543255988245,,True
Comilla,adult,P50_HI,20000,5,3.854383303419707,0.09736800567864735,3.7716725931041295,4.0017519886669035,2.5261630204826795,10000.0,0.07918176238331753,2.0543302559728676,,True
Comilla,adult,P95_ELCR,1000,5,0.022491955061595098,0.0020604570138369714,0.020446369122701494,0.0253068270775566,9.160862220266445,,,,,False
Comilla,adult,P95_ELCR,5000,5,0.022435558598457323,0.0007064162277321795,0.021411102565603954,0.023353867121431553,3.1486455959280324,1000.0,5.639646313777488e-05,0.25137088916365435,,True
Comilla,adult,P95_ELCR,10000,5,0.02206902691005907,0.0006569898026437816,0.021484064911145285,0.023033887440399255,2.976976761690954,5000.0,0.00036653168839825487,1.6608420928210008,,True
Comilla,adult,P95_ELCR,20000,5,0.022019984307245305,0.0004337939523196523,0.021660573155082283,0.022743667712380934,1.9700011874073848,10000.0,4.9042602813763325e-05,0.22271860928450654,,True
Comilla,adult,P95_HI,1000,5,50.095391345334534,4.591042998671827,45.54479565027305,56.375639240596804,9.16460152396713,,,,,False
Comilla,adult,P95_HI,5000,5,49.96704727542199,1.5547248199574717,47.74076070030182,52.02003377022577,3.1115002881553426,1000.0,0.12834406991254355,0.25685742286331575,,True
Comilla,adult,P95_HI,10000,5,49.17628724578755,1.4608680285795146,47.853271469861944,51.33839908331366,2.970675726855839,5000.0,0.7907600296344413,1.6080108400257036,,True
Comilla,adult,P95_HI,20000,5,49.07162943765409,1.0075947239366738,48.220415587332724,50.74494213154123,2.053314176609585,10000.0,0.10465780813346015,0.21327559189048076,,True
Comilla,adult,P_HI_gt_1,1000,5,0.7121999999999999,0.010986355173577806,0.701,0.726,1.5425940990701779,,,,0.014316813891365635,False
Comilla,adult,P_HI_gt_1,5000,5,0.71028,0.005923850099386361,0.703,0.718,0.8340161766326464,1000.0,0.0019199999999999218,0.27031593174521623,0.006415330413938163,True
Comilla,adult,P_HI_gt_1,10000,5,0.71254,0.006415839773560449,0.7072,0.7229,0.9004181903556923,5000.0,0.0022599999999999287,0.3171751761304529,0.004525778920804683,True
Comilla,adult,P_HI_gt_1,20000,5,0.7096,0.0022313112736684726,0.7058,0.71135,0.31444634634561336,10000.0,0.0029399999999999427,0.4143179255918747,0.003209889717731748,True
Comilla,adult,P_HI_gt_2,1000,5,0.6154,0.006580273550544848,0.607,0.623,1.069267720270531,,,,0.01538449999187494,False
Comilla,adult,P_HI_gt_2,5000,5,0.61412,0.007214707201266034,0.6076,0.623,1.1748041427190181,1000.0,0.0012799999999999478,0.20842832019799842,0.006884426273844466,True
Comilla,adult,P_HI_gt_2,10000,5,0.61616,0.006748925840457851,0.6072,0.6254,1.0953203454391474,5000.0,0.0020400000000000418,0.3310828356271166,0.0048631970389857735,True
Comilla,adult,P_HI_gt_2,20000,5,0.61415,0.0028469281690973107,0.6105,0.6183,0.46355583637504044,10000.0,0.0020100000000000673,0.32728160872752055,0.003442163400392259,True
Comilla,adult,mean_HI,1000,5,11.983541840198193,0.7427292284534771,11.078075515735778,12.813446963794725,6.1979107542482055,,,,,False
Comilla,adult,mean_HI,5000,5,11.820551672152147,0.23121619739334612,11.529241127553634,12.055591383283875,1.9560525075835906,1000.0,0.16299016804604527,1.3788710761277856,,True
Comilla,adult,mean_HI,10000,5,11.744944039677781,0.2297465399049732,11.556172357135626,12.097150161149953,1.9561314138988117,5000.0,0.07560763247436597,0.6437462129997534,,True
Comilla,adult,mean_HI,20000,5,11.681992939733695,0.1493532558275681,11.55986718447679,11.923757814676309,1.2784912351690976,10000.0,0.06295109994408676,0.5388729497513445,,True
Comilla,child,P50_HI,1000,5,19.56959876828687,1.165344686953345,18.486793063360366,21.01155778319174,5.954872661169843,,,,,False
Comilla,child,P50_HI,5000,5,20.318731872753215,0.8135874028240745,19.406405691450754,21.481081372121892,4.00412490267205,1000.0,0.7491331044663454,3.686908755712799,,True
Comilla,child,P50_HI,10000,5,20.267240673686636,0.5438881693242935,19.31809990439271,20.604110732490273,2.68358272387042,5000.0,0.05149119906657873,0.2540612207434374,,True
Comilla,child,P50_HI,20000,5,20.240162933371444,0.5078555575425976,19.381185982495854,20.675808608036668,2.5091475756119475,10000.0,0.0270777403151925,0.13378222499655593,,True
Comilla,child,P95_ELCR,1000,5,0.010023675994758112,0.0008422618628094294,0.009059222780342272,0.010904078161953181,8.40272434234597,,,,,False
Comilla,child,P95_ELCR,5000,5,0.010701452990451369,0.0003794989492310171,0.010350046598193243,0.011349916292394149,3.5462375956763466,1000.0,0.0006777769956932567,6.333504397001226,,False
Comilla,child,P95_ELCR,10000,5,0.010401497920042118,0.0002944387209838727,0.01000006548980059,0.010773646443450365,2.830733835138626,5000.0,0.00029995507040925067,2.8837680179821263,,True
Comilla,child,P95_ELCR,20000,5,0.010515073608098204,0.00016888159363920418,0.01033480383683461,0.010719999502774026,1.606090455792337,10000.0,0.0001135756880560855,1.0801226152959593,,True
Comilla,child,P95_HI,1000,5,260.1283644037239,21.827704055881835,235.19984924673378,282.9500077609537,8.391128013246894,,,,,False
Comilla,child,P95_HI,5000,5,277.8253769734753,10.162064499673825,268.4810611367801,295.21309601266466,3.6577164441835794,1000.0,17.697012569751394,6.3698330089698665,,False
Comilla,child,P95_HI,10000,5,270.0222526723056,7.620806373391828,259.5923675834967,279.47415936541796,2.8222882736410275,5000.0,7.803124301169646,2.889807867294324,,True
Comilla,child,P95_HI,20000,5,272.8391165598745,4.400539484578861,268.14555604442626,278.1861893127261,1.6128697160669638,10000.0,2.8168638875689,1.032426700058875,,True
Comilla,child,P_HI_gt_1,1000,5,0.852,0.004242640687119295,0.848,0.858,0.4979625219623586,,,,0.011229247525992114,False
Comilla,child,P_HI_gt_1,5000,5,0.8565200000000001,0.004727790181469533,0.8506,0.8618,0.5519766241850199,1000.0,0.0045200000000000795,0.5277168075468266,0.004957690785032886,True
Comilla,child,P_HI_gt_1,10000,5,0.8553599999999999,0.004699255260144923,0.8514,0.8613,0.5493891765040362,5000.0,0.001160000000000161,0.13561541339321,0.003517375021233876,True
Comilla,child,P_HI_gt_1,20000,5,0.85824,0.001794923396694139,0.8563,0.8607,0.2091400303754357,10000.0,0.0028800000000001047,0.3355704697986699,0.0024664154394586487,True
Comilla,child,P_HI_gt_2,1000,5,0.7988000000000001,0.0048166378315168965,0.793,0.804,0.6029842052474833,,,,0.012677482399908901,False
Comilla,child,P_HI_gt_2,5000,5,0.80772,0.005491083681751702,0.8008,0.816,0.679825147545152,1000.0,0.008919999999999928,1.1043430891893142,0.005573300666570933,True
Comilla,child,P_HI_gt_2,10000,5,0.8048400000000001,0.004632278057284544,0.801,0.8115,0.575552663546114,5000.0,0.0028799999999998827,0.35783509765914745,0.003963238251733044,True
Comilla,child,P_HI_gt_2,20000,5,0.80823,0.0024216729754448947,0.8042,0.81055,0.29962671212957875,10000.0,0.003389999999999893,0.41943506180170165,0.0027838306979771597,True
Comilla,child,mean_HI,1000,5,64.48417997451365,2.703060405267972,60.53706584530068,66.85536420294179,4.191819460736437,,,,,False
Comilla,child,mean_HI,5000,5,65.74286900706994,2.1642323345569094,62.27673868434558,68.26089327451898,3.291965147313801,1000.0,1.2586890325562905,1.9145635892783017,,True
Comilla,child,mean_HI,10000,5,64.06257772669565,1.232250470134156,63.18176861226852,66.23826275154008,1.9235105952045732,5000.0,1.6802912803742913,2.6228905236107813,,True
Comilla,child,mean_HI,20000,5,64.67814120165096,0.880571913535387,63.52668489903519,65.58829409884594,1.3614675641187253,10000.0,0.6155634749553087,0.9517334040818044,,True
Dhaka,adult,P50_HI,1000,5,0.1643876428350124,0.02705560717219517,0.1332656167692328,0.19311378426961956,16.458419079194123,,,,,False
Dhaka,adult,P50_HI,5000,5,0.15086607845696162,0.013883426009113183,0.13498838796568957,0.16623552406182274,9.2024835212203,1000.0,0.013521564378050771,8.962627329050738,,False
Dhaka,adult,P50_HI,10000,5,0.13992776565868495,0.011212946879994374,0.12616910845642382,0.1559189512037047,8.013382352824282,5000.0,0.010938312798276673,7.817113885000965,,False
Dhaka,adult,P50_HI,20000,5,0.13985971838202077,0.007472577895862776,0.12829279202807373,0.14881898303800292,5.342909296765314,10000.0,6.804727666417931e-05,0.048653949436900136,,False
Dhaka,adult,P95_ELCR,1000,5,0.010393285149659325,0.0012946903035689719,0.008981798772850349,0.011627914097157346,12.45698818925804,,,,,False
Dhaka,adult,P95_ELCR,5000,5,0.009655447293691857,0.0003790566081203907,0.009161258678816663,0.010060422840345107,3.9258316739819787,1000.0,0.0007378378559674686,7.641674523452854,,False
Dhaka,adult,P95_ELCR,10000,5,0.009838493909409763,0.0003039254066579293,0.00944939452979997,0.010244399785594672,3.089145650303732,5000.0,0.00018304661571790642,1.860514601150857,,True
Dhaka,adult,P95_ELCR,20000,5,0.009861076509242114,0.0004142455629962159,0.009131061373209374,0.010153724825258252,4.2008148157858,10000.0,2.2582599832350614e-05,0.22900744975647927,,True
Dhaka,adult,P95_HI,1000,5,23.144823213779183,2.8695634404075356,20.0130992019651,25.898710173998754,12.398294918490247,,,,,False
Dhaka,adult,P95_HI,5000,5,21.561217302788595,0.8779684690042258,20.414840506075354,22.491482727211036,4.071980058800644,1000.0,1.5836059109905882,7.344696214279953,,False
Dhaka,adult,P95_HI,10000,5,21.923586394366808,0.6801447831782688,21.06798051834571,22.838411041294595,3.102342704992052,5000.0,0.36236909157821273,1.6528732346060053,,True
Dhaka,adult,P95_HI,20000,5,21.970125047816428,0.9120395041232143,20.361917980166147,22.603027125580216,4.151271338411705,10000.0,0.046538653449619716,0.21182698481839143,,True
Dhaka,adult,P_HI_gt_1,1000,5,0.3496,0.010261578825892232,0.337,0.364,2.935234217932561,,,,0.015079119337680169,False
Dhaka,adult,P_HI_gt_1,5000,5,0.3366,0.0043588989435406796,0.3316,0.3416,1.2949788899407841,1000.0,0.013000000000000012,3.862150920974454,0.0066828203626911895,False
Dhaka,adult,P_HI_gt_1,10000,5,0.33446000000000004,0.002568657236767885,0.331,0.3375,0.7680013265466378,5000.0,0.0021399999999999753,0.6398373497578111,0.00471801344211735,True
Dhaka,adult,P_HI_gt_1,20000,5,0.33408,0.003718971632050982,0.3298,0.33895,1.1131979262604712,10000.0,0.00038000000000004697,0.11374521072798341,0.003335195298629452,True
Dhaka,adult,P_HI_gt_2,1000,5,0.28280000000000005,0.00993478736561581,0.273,0.294,3.513008262240385,,,,0.014241634737627561,False
Dhaka,adult,P_HI_gt_2,5000,5,0.2682,0.007360706487831162,0.2604,0.2784,2.7444841490794785,1000.0,0.014600000000000057,5.4436987322893575,0.006265281478114132,False
Dhaka,adult,P_HI_gt_2,10000,5,0.26783999999999997,0.0014467204291085294,0.2654,0.269,0.5401435293863984,5000.0,0.00036000000000002697,0.13440860215054773,0.0044283375481098996,True
Dhaka,adult,P_HI_gt_2,20000,5,0.26634,0.0034875492828058997,0.26195,0.2708,1.3094350389749565,10000.0,0.0014999999999999458,0.5631899076368347,0.0031257239513431123,True
Dhaka,adult,mean_HI,1000,5,4.414595056008191,0.5847647644347774,3.702783912443524,5.092767740481148,13.246169966120046,,,,,False
Dhaka,adult,mean_HI,5000,5,4.206556347211929,0.14349958730233292,4.080564601375827,4.41115677065273,3.4113316322849982,1000.0,0.20803870879626185,4.945582362973651,,True
Dhaka,adult,mean_HI,10000,5,4.195363998518087,0.11065060447188602,4.054027210894251,4.363753890210156,2.637449444457518,5000.0,0.011192348693842114,0.2667789659680434,,True
Dhaka,adult,mean_HI,20000,5,4.169427778504185,0.09505029824367968,4.009990864336417,4.243359011749288,2.2796964785843996,10000.0,0.025936220013901945,0.6220570637442907,,True
Dhaka,child,P50_HI,1000,5,0.8046342202691795,0.06582930533784004,0.7346648153838193,0.9004818977718854,8.18127090292254,,,,,False
Dhaka,child,P50_HI,5000,5,0.7355742402283784,0.08228743358172376,0.6178854211404711,0.8429877696962313,11.186829157608274,1000.0,0.06905998004080116,9.38858054890009,,False
Dhaka,child,P50_HI,10000,5,0.7111654778232277,0.039764661786658384,0.6461716008581941,0.7442898357744814,5.591478077419074,5000.0,0.024408762405150664,3.4322198090748546,,False
Dhaka,child,P50_HI,20000,5,0.7594560217052863,0.031579780948746305,0.7215447554866122,0.7946155187383037,4.1582106199957325,10000.0,0.048290543882058556,6.3585701478311725,,False
Dhaka,child,P95_ELCR,1000,5,0.004677504095852305,0.0005068348441566437,0.004175751872528215,0.005522360139599321,10.835583118057997,,,,,False
Dhaka,child,P95_ELCR,5000,5,0.004522732149201533,0.0003631521632624546,0.004232866316693619,0.0050822910135763875,8.029486409593533,1000.0,0.00015477194665077226,3.422089603031135,,False
Dhaka,child,P95_ELCR,10000,5,0.00469940119727629,0.00012151739722573558,0.004563498249789302,0.004897188234163702,2.5858059809016827,5000.0,0.0001766690480747568,3.759394881568142,,True
Dhaka,child,P95_ELCR,20000,5,0.004598878960959888,0.00016806133379277473,0.004321788451007267,0.004765327081237188,3.6543978482464037,10000.0,0.0001005222363164018,2.185798695067647,,True
Dhaka,child,P95_HI,1000,5,121.43790573290065,13.17276061516823,108.45238466200277,143.4162602953535,10.84732195904412,,,,,False
Dhaka,child,P95_HI,5000,5,117.43802841376889,9.427284389950113,109.94776237651209,131.9070735909429,8.027454579478295,1000.0,3.9998773191317554,3.405947266961095,,False
Dhaka,child,P95_HI,10000,5,121.97089697716176,3.1842976164897103,118.44413049443014,127.16847493094718,2.610702795016707,5000.0,4.532868563392867,3.716352569122794,,True
Dhaka,child,P95_HI,20000,5,119.37513094422434,4.375706764705299,112.13386649420676,123.63867231820409,3.665509499419742,10000.0,2.5957660329374193,2.1744613073138654,,True
Dhaka,child,P_HI_gt_1,1000,5,0.48319999999999996,0.009176055797563592,0.471,0.495,1.8990181700255782,,,,0.015802460567898913,False
Dhaka,child,P_HI_gt_1,5000,5,0.47736,0.00644577380924898,0.4692,0.4868,1.350296172542521,1000.0,0.005839999999999956,1.2233953410423908,0.007063815263722573,True
Dhaka,child,P_HI_gt_1,10000,5,0.47501999999999994,0.003902819493648136,0.4684,0.4782,0.8216116150158175,5000.0,0.0023400000000000643,0.49261083743843725,0.0049937560973679915,True
Dhaka,child,P_HI_gt_1,20000,5,0.47867999999999994,0.003787248341474307,0.4735,0.48245,0.791185832178973,10000.0,0.0036599999999999966,0.7646026573075952,0.003532318343524547,True
Dhaka,child,P_HI_gt_2,1000,5,0.4244,0.007503332592921635,0.413,0.432,1.767986002102176,,,,0.01562960780058156,False
Dhaka,child,P_HI_gt_2,5000,5,0.41967999999999994,0.005806203578931769,0.4114,0.4278,1.383483506226594,1000.0,0.0047200000000000575,1.1246664125047794,0.006979236313523135,True
Dhaka,child,P_HI_gt_2,10000,5,0.42072000000000004,0.00637236219937317,0.4103,0.4262,1.5146325820909798,5000.0,0.0010400000000000964,0.2471952842745998,0.004936746718234591,True
Dhaka,child,P_HI_gt_2,20000,5,0.42339000000000004,0.002942023113437388,0.4183,0.4259,0.6948730752822192,10000.0,0.0026700000000000057,0.6306242471480208,0.003493786684243902,True
Dhaka,child,mean_HI,1000,5,22.86268306624676,2.387000048351197,19.22606807088079,25.116947526850943,10.44059457691226,,,,,False
Dhaka,child,mean_HI,5000,5,22.794757069829267,0.703322943904586,22.207568256075113,23.98767406848357,3.0854592648214343,1000.0,0.0679259964174932,0.2979895605353866,,True
Dhaka,child,mean_HI,10000,5,23.882394145733063,0.6303306803914686,23.126535928997125,24.574414790878535,2.639311103171314,5000.0,1.087637075903796,4.554137534398403,,True
Dhaka,child,mean_HI,20000,5,23.40960535926308,0.48298472498499856,22.646632186308597,23.916401338482345,2.0631903766540156,10000.0,0.4727887864699838,2.0196358683291655,,True
Khulna,adult,P50_HI,1000,5,0.09723864630887318,0.023511686751780787,0.06751992250900296,0.11964740937846217,24.179364526627836,,,,,False
Khulna,adult,P50_HI,5000,5,0.09075693873327037,0.006096907069041915,0.08229947184447775,0.09700781951296877,6.717841251742071,1000.0,0.006481707575602805,7.141831430269133,,False
Khulna,adult,P50_HI,10000,5,0.09046117954219571,0.0017824791429273629,0.08859271229994062,0.09258702971757168,1.970435441974227,5000.0,0.00029575919107466264,0.32694598121695445,,True
Khulna,adult,P50_HI,20000,5,0.09265643483251967,0.001697988636727129,0.09098258444802708,0.095137921280924,1.832564181641905,10000.0,0.0021952552903239664,2.369242130125102,,True
Khulna,adult,P95_ELCR,1000,5,0.006787103339135422,0.0013817366419591089,0.004777436497576849,0.008159852639447527,20.358267333161333,,,,,False
Khulna,adult,P95_ELCR,5000,5,0.007088509219837369,0.0002311950439429335,0.00673461139856479,0.007379536957592529,3.261546776237921,1000.0,0.0003014058807019465,4.252034826426616,,True
Khulna,adult,P95_ELCR,10000,5,0.0070356110949711,0.0002462756194035675,0.006633536141229257,0.007300855365515125,3.5004154732145425,5000.0,5.2898124866268374e-05,0.7518625482877925,,True
Khulna,adult,P95_ELCR,20000,5,0.00721544234534442,0.00025266013029916147,0.006941528770364156,0.0074797523175010655,3.5016582242138483,10000.0,0.0001798312503733194,2.492310821239545,,True
Khulna,adult,P95_HI,1000,5,15.10858528030597,3.0761227416601717,10.639988404897935,18.174678551308357,20.3600978158418,,,,,False
Khulna,adult,P95_HI,5000,5,15.794556468392987,0.4966671320612281,15.033479046254353,16.417544985842504,3.144546243227059,1000.0,0.6859711880870165,4.343086109823573,,True
Khulna,adult,P95_HI,10000,5,15.69112976818281,0.5561602144604336,14.786526863759049,16.30014166720541,3.544424287333152,5000.0,0.10342670021017675,0.6591411946633502,,True
Khulna,adult,P95_HI,20000,5,16.08990673356165,0.5602188589522139,15.490941575397398,16.69002287656225,3.4818030224107095,10000.0,0.39877696537884155,2.4784293158582438,,True
Khulna,adult,P_HI_gt_1,1000,5,0.30379999999999996,0.01409609875107294,0.282,0.318,4.639927172835069,,,,0.01454323072773034,False
Khulna,adult,P_HI_gt_1,5000,5,0.29892,0.003285117958308343,0.2936,0.302,1.0989957039704077,1000.0,0.00487999999999994,1.632543824434611,0.006474053345470672,True
Khulna,adult,P_HI_gt_1,10000,5,0.2974,0.003063494736408061,0.2942,0.3009,1.0300923794243648,5000.0,0.0015200000000000213,0.5110961667787564,0.004571140339127645,True
Khulna,adult,P_HI_gt_1,20000,5,0.29944000000000004,0.0024503571168301287,0.29685,0.3028,0.8183132236274807,10000.0,0.0020400000000000418,0.6812717071867624,0.0032386392698168782,True
Khulna,adult,P_HI_gt_2,1000,5,0.23500000000000001,0.018110770276274838,0.209,0.249,7.706710755861633,,,,0.013408019988051929,False
Khulna,adult,P_HI_gt_2,5000,5,0.23136,0.005267637041406704,0.2272,0.2402,2.276814073913686,1000.0,0.0036400000000000043,1.573305670816046,0.005963766434058263,True
Khulna,adult,P_HI_gt_2,10000,5,0.22896,0.003270015290484123,0.2243,0.2329,1.428203743223324,5000.0,0.0024000000000000132,1.0482180293501107,0.004201634424839933,True
Khulna,adult,P_HI_gt_2,20000,5,0.23098000000000002,0.0025897876360813873,0.22875,0.2354,1.121217263867602,10000.0,0.0020200000000000218,0.874534591739554,0.0029801697904649664,True
Khulna,adult,mean_HI,1000,5,2.859718291975749,0.5735509412612364,2.110893049111973,3.5298870749249676,20.056204237690004,,,,,False
Khulna,adult,mean_HI,5000,5,2.9651756810319716,0.06374228948534402,2.899039647370963,3.061594217430104,2.14969689293957,1000.0,0.1054573890562227,3.5565308905919637,,True
Khulna,adult,mean_HI,10000,5,2.9516126270770076,0.12020761346583934,2.8294455247919577,3.129672598814345,4.072608050361994,5000.0,0.013563053954964044,0.45951334638365415,,True
Khulna,adult,mean_HI,20000,5,3.026287831629437,0.062374405952783166,2.951699524825211,3.1197400019740367,2.0610863679545997,10000.0,0.07467520455242926,2.467551294095581,,True
Khulna,child,P50_HI,1000,5,0.49730864317086343,0.10798767204373769,0.3579132825336814,0.6209617864362849,21.714416897161325,,,,,False
Khulna,child,P50_HI,5000,5,0.500448437798035,0.03188490205209868,0.47241913866105445,0.5542493400795648,6.371266177269276,1000.0,0.0031397946271716215,0.6273962290674073,,False
Khulna,child,P50_HI,10000,5,0.49640004505692137,0.03864482829598647,0.44300137013767676,0.5413266582929239,7.785017080640097,5000.0,0.004048392741113682,0.8155504378831109,,False
Khulna,child,P50_HI,20000,5,0.48957370597352623,0.02458674614062748,0.4555686702060352,0.5113124736579482,5.022072435801324,10000.0,0.006826339083395139,1.394343487018127,,False
Khulna,child,P95_ELCR,1000,5,0.0030851977906566656,0.0002996047758174803,0.002593812366468859,0.003365599912264216,9.711039490719694,,,,,False
Khulna,child,P95_ELCR,5000,5,0.003335159030607094,0.00023277480597782936,0.0030209318739121095,0.0036159099492085334,6.979421486101001,1000.0,0.0002499612399504284,7.49473226483381,,False
Khulna,child,P95_ELCR,10000,5,0.0033792534074049917,9.846750102523316e-05,0.0032462982878284936,0.0034800049638512645,2.9138833095340035,5000.0,4.4094376797897735e-05,1.3048555844102514,,True
Khulna,child,P95_ELCR,20000,5,0.003328500430510059,0.0001074376857949894,0.0032481006618942385,0.0035161653450191915,3.22781048216736,10000.0,5.075297689493283e-05,1.5248000700169793,,True
Khulna,child,P95_HI,1000,5,80.04708720177652,7.7811392724119,67.27485534871067,87.31197763463892,9.720702581966293,,,,,False
Khulna,child,P95_HI,5000,5,86.62451063415331,5.996362682963907,78.51996404883089,93.8348398536658,6.922247108891292,1000.0,6.57742343237679,7.593028098196863,,False
Khulna,child,P95_HI,10000,5,87.74967141247892,2.5575921516358697,84.31390482173417,90.29070735657892,2.9146458447845007,5000.0,1.1251607783256077,1.2822393066711792,,True
Khulna,child,P95_HI,20000,5,86.4070140846873,2.8092240578307455,84.27983002045039,91.31122839183683,3.2511528000231924,10000.0,1.3426573277916134,1.553875390805286,,True
Khulna,child,P_HI_gt_1,1000,5,0.4464,0.012621410380777584,0.433,0.463,2.8273768774143333,,,,0.01572027480675831,False
Khulna,child,P_HI_gt_1,5000,5,0.44752000000000003,0.005543645010279784,0.4428,0.4546,1.2387479912137522,1000.0,0.0011200000000000099,0.2502681444404741,0.007032010375418967,True
Khulna,child,P_HI_gt_1,10000,5,0.44711999999999996,0.005314790682613952,0.4411,0.4536,1.1886720975608231,5000.0,0.00040000000000006697,0.08946144211846194,0.004971958422995912,True
Khulna,child,P_HI_gt_1,20000,5,0.44536999999999993,0.0024216729754448644,0.4427,0.4488,0.5437440724442294,10000.0,0.0017500000000000293,0.3929317196937444,0.0035143673904416994,True
Khulna,child,P_HI_gt_2,1000,5,0.384,0.01831665908401422,0.367,0.404,4.769963303128703,,,,0.015379986996093333,False
Khulna,child,P_HI_gt_2,5000,5,0.38815999999999995,0.005537869626489977,0.3828,0.3946,1.426697657277921,1000.0,0.0041599999999999415,1.0717230008243874,0.00689190560585387,True
Khulna,child,P_HI_gt_2,10000,5,0.38952,0.003510982768399763,0.3854,0.3941,0.9013613597247286,5000.0,0.0013600000000000279,0.34914766892586463,0.004876414354830811,True
Khulna,child,P_HI_gt_2,20000,5,0.38773,0.001996747355075231,0.38555,0.3907,0.5149839721133859,10000.0,0.0017899999999999583,0.4616614654527527,0.0034452535980679278,True
Khulna,child,mean_HI,1000,5,17.793655792689606,1.655503472584876,16.3442263022091,20.35026031777819,9.303897365852315,,,,,False
Khulna,child,mean_HI,5000,5,16.84623354640638,1.0834967267067102,15.251216116142817,18.052612542725402,6.431685300586613,1000.0,0.9474222462832245,5.6239410647689105,,False
Khulna,child,mean_HI,10000,5,16.96942771842696,0.29077174811747236,16.608082261213088,17.322377322712168,1.7135035602981812,5000.0,0.12319417202057892,0.7259771753339884,,True
Khulna,child,mean_HI,20000,5,16.811525133770623,0.3360233133780297,16.38643372655864,17.328318473814974,1.9987675758401804,10000.0,0.15790258465633755,0.939251991713389,,True
Mymensingh,adult,P50_HI,1000,5,0.011381249134089338,0.0035452206656230206,0.008189968931034682,0.017227146673752573,31.149662254596528,,,,,False
Mymensingh,adult,P50_HI,5000,5,0.01077917710583627,0.0009177735821730683,0.009601906565433097,0.012035530296365286,8.514319536285841,1000.0,0.0006020720282530687,5.585510121427388,,False
Mymensingh,adult,P50_HI,10000,5,0.0117613121943826,0.0006461646965459406,0.011125295537956825,0.012780188418021542,5.493984734582249,5000.0,0.0009821350885463303,8.350557083378966,,False
Mymensingh,adult,P50_HI,20000,5,0.011188356418777298,0.0008245155781058571,0.01045617365058811,0.012478423607904875,7.369407509418287,10000.0,0.0005729557756053022,5.121000387900735,,False
Mymensingh,adult,P95_ELCR,1000,5,0.0031271234196139632,0.0006369625819567971,0.002443758699781535,0.00393674254698355,20.368962029500864,,,,,False
Mymensingh,adult,P95_ELCR,5000,5,0.003146879729715754,8.801757338968467e-05,0.0030066518804330805,0.0032511693237285318,2.796979260393754,1000.0,1.9756310101790714e-05,0.6278063287653903,,True
Mymensingh,adult,P95_ELCR,10000,5,0.003195604963689959,0.00014780821994587245,0.0029754330579447965,0.003370067815249264,4.625359568073727,5000.0,4.8725233974204925e-05,1.5247577384515636,,True
Mymensingh,adult,P95_ELCR,20000,5,0.0032719552882150955,9.845380474822501e-05,0.003161336505625181,0.003430686461335997,3.0090204808982324,10000.0,7.635032452513657e-05,2.3334770129694196,,True
Mymensingh,adult,P95_HI,1000,5,6.9685867439494205,1.4137634295065993,5.4502269898430935,8.767008148533371,20.287663502705488,,,,,False
Mymensingh,adult,P95_HI,5000,5,7.015851589806421,0.19894633338890694,6.692112913306966,7.239482333035281,2.835669067999715,1000.0,0.04726484585700064,0.6736865119221365,,True
Mymensingh,adult,P95_HI,10000,5,7.125754358512902,0.3275506937370049,6.635500986597107,7.516306485233738,4.596716042361059,5000.0,0.10990276870648064,1.5423317052065295,,True
Mymensingh,adult,P95_HI,20000,5,7.2913467777730485,0.2183122956737096,7.040028466946253,7.638379761368971,2.9941285516581533,10000.0,0.16559241926014678,2.271081383276666,,True
Mymensingh,adult,P_HI_gt_1,1000,5,0.19119999999999998,0.012833549781724475,0.176,0.208,6.712107626424935,,,,0.012435536176619003,False
Mymensingh,adult,P_HI_gt_1,5000,5,0.18968000000000002,0.002998666370238614,0.1856,0.1926,1.5809080399823987,1000.0,0.0015199999999999658,0.801349641501458,0.005544393521387168,True
Mymensingh,adult,P_HI_gt_1,10000,5,0.1927,0.00531083797531049,0.1862,0.2003,2.756013479662942,5000.0,0.003019999999999995,1.5672029060716113,0.003944194594590891,True
Mymensingh,adult,P_HI_gt_1,20000,5,0.19234,0.002945844530860373,0.18925,0.19635,1.5315818502965441,10000.0,0.0003599999999999992,0.1871685556826449,0.0027869815607570857,True
Mymensingh,adult,P_HI_gt_2,1000,5,0.1332,0.015690761613127654,0.117,0.159,11.779851060906646,,,,0.010745127267743272,False
Mymensingh,adult,P_HI_gt_2,5000,5,0.13491999999999998,0.002410808992848663,0.1318,0.138,1.786843309256347,1000.0,0.0017199999999999716,1.2748295286095255,0.004831492390555945,True
Mymensingh,adult,P_HI_gt_2,10000,5,0.13696,0.004582903010101782,0.1306,0.1412,3.3461616604131006,5000.0,0.002040000000000014,1.4894859813084216,0.003438051168903686,True
Mymensingh,adult,P_HI_gt_2,20000,5,0.13659,0.002381806037443019,0.134,0.1398,1.7437631140222702,10000.0,0.0003700000000000092,0.27088366644703804,0.0024283036455517667,True
Mymensingh,adult,mean_HI,1000,5,1.3984469855720525,0.22017045276505948,1.1318526976976049,1.7038340621706816,15.743925585780854,,,,,False
Mymensingh,adult,mean_HI,5000,5,1.3346837766558601,0.06730592682562375,1.2451650445188875,1.4147587316024168,5.042836962794533,1000.0,0.06376320891619236,4.777401960781704,,False
Mymensingh,adult,mean_HI,10000,5,1.331969753388855,0.04674785951240904,1.252691653989406,1.3685291260792942,3.509678759106287,5000.0,0.0027140232670050946,0.20376012744283112,,True
Mymensingh,adult,mean_HI,20000,5,1.3475565644954455,0.045518307435179026,1.3199179094727957,1.4281181555481315,3.377840206078627,10000.0,0.015586811106590437,1.1566721217692615,,True
Mymensingh,child,P50_HI,1000,5,0.05814349949885812,0.012931957789620573,0.043186018756492,0.07736493715917997,22.24145072292139,,,,,False
Mymensingh,child,P50_HI,5000,5,0.0648817761341229,0.005329227269113868,0.058475868307909365,0.07152367994745482,8.213750588604954,1000.0,0.006738276635264773,10.385468827695902,,False
Mymensingh,child,P50_HI,10000,5,0.059009908428972635,0.003796778347535505,0.05589435766939664,0.06526960350169775,6.434136992612864,5000.0,0.0058718677051502605,9.950647037891851,,False
Mymensingh,child,P50_HI,20000,5,0.061160962405295435,0.004187053237461594,0.05614871653745922,0.0666124830779459,6.845957082420062,10000.0,0.0021510539763228004,3.5170374888289166,,False
Mymensingh,child,P95_ELCR,1000,5,0.0014671807955508689,0.00027281838815146933,0.0011349980120271557,0.0018959376825855069,18.594735494001384,,,,,False
Mymensingh,child,P95_ELCR,5000,5,0.0015371321686765862,7.695556651014035e-05,0.0014541906426045366,0.0016240629702423547,5.006437837833831,1000.0,6.995137312571734e-05,4.550771530983108,,False
Mymensingh,child,P95_ELCR,10000,5,0.0015231085648714506,4.37000976103639e-05,0.0014608257973842992,0.0015710978675441785,2.869138721838398,5000.0,1.4023603805135608e-05,0.9207225360405737,,True
Mymensingh,child,P95_ELCR,20000,5,0.0015132204049981412,6.39504636085257e-05,0.0014535118800506305,0.0016048168227405211,4.226116922379477,10000.0,9.888159873309467e-06,0.6534513968123244,,True
Mymensingh,child,P95_HI,1000,5,38.12868144261599,7.07798250199588,29.476730727836646,49.23036619874305,18.5634074775135,,,,,False
Mymensingh,child,P95_HI,5000,5,39.888276269480464,1.9853656776328792,37.761088975450136,42.13862177110516,4.9773163027150735,1000.0,1.7595948268644719,4.411308262550274,,True
Mymensingh,child,P95_HI,10000,5,39.525898310152684,1.1344080995458412,37.908129010013305,40.76681809565499,2.8700374894565153,5000.0,0.3623779593277803,0.9168114446995359,,True
Mymensingh,child,P95_HI,20000,5,39.28135982727215,1.6791120924394487,37.70973258589792,41.68942465828281,4.2745773054263765,10000.0,0.24453848288053592,0.622530594551257,,True
Mymensingh,child,P_HI_gt_1,1000,5,0.31880000000000003,0.01388164255410722,0.307,0.342,4.354342080962114,,,,0.014736572193016937,False
Mymensingh,child,P_HI_gt_1,5000,5,0.32072,0.009998599901986283,0.3096,0.3324,3.1175479864013105,1000.0,0.0019199999999999773,0.5986530306809608,0.006600889055271267,True
Mymensingh,child,P_HI_gt_1,10000,5,0.31954000000000005,0.0013145341380123967,0.318,0.321,0.41138328159616844,5000.0,0.0011799999999999589,0.36928084120922533,0.004662983898749812,True
Mymensingh,child,P_HI_gt_1,20000,5,0.32342,0.0014011602335207653,0.3214,0.32535,0.43323240168225996,10000.0,0.003879999999999939,1.1996784367076678,0.0033077144949345307,True
Mymensingh,child,P_HI_gt_2,1000,5,0.2632,0.016724233913695402,0.249,0.291,6.35419221644962,,,,0.013925722961483903,False
Mymensingh,child,P_HI_gt_2,5000,5,0.27071999999999996,0.008529478295886574,0.2596,0.2808,3.1506642641425,1000.0,0.007519999999999971,2.7777777777777675,0.0062837995130334955,True
Mymensingh,child,P_HI_gt_2,10000,5,0.26822,0.0019524343778985103,0.2666,0.2713,0.7279227417412983,5000.0,0.0024999999999999467,0.9320706882409763,0.004430327658311516,True
Mymensingh,child,P_HI_gt_2,20000,5,0.27009,0.0020418741391182646,0.26715,0.27285,0.7559976819276036,10000.0,0.0018699999999999828,0.6923618053241448,0.0031395970434117816,True
Mymensingh,child,mean_HI,1000,5,7.26682157816275,1.020375184437708,5.998209272326768,8.196777264408025,14.041560996956344,,,,,False
Mymensingh,child,mean_HI,5000,5,7.51420725903169,0.5101223479569882,6.962817380454202,8.331372967362046,6.788771328390594,1000.0,0.2473856808689403,3.2922392521392787,,False
Mymensingh,child,mean_HI,10000,5,7.619606624796693,0.19304958078966475,7.434560607855393,7.923623651459722,2.5335898596315753,5000.0,0.10539936576500253,1.3832651861842646,,True
Mymensingh,child,mean_HI,20000,5,7.38675440863264,0.2568538793517087,7.0804970524554545,7.763084816818041,3.4772224057095036,10000.0,0.23285221616405227,3.1522940019763763,,True
Rajshahi,adult,P50_HI,1000,5,0.00022947088401175397,9.070784047308746e-05,0.0001368366071903001,0.000352409088168199,39.52912843985959,,,,,False
Rajshahi,adult,P50_HI,5000,5,0.00017712773837480088,2.9734629828935415e-05,0.00013246762143307328,0.0002093068484427564,16.787110873632436,1000.0,5.2343145636953096e-05,29.551072077821836,,False
Rajshahi,adult,P50_HI,10000,5,0.00017717124193714737,3.0274139706576835e-05,0.00013371029027365732,0.0002117230445345864,17.087502111271974,5000.0,4.3503562346497134e-08,0.02455452807737855,,False
Rajshahi,adult,P50_HI,20000,5,0.0001815289501759472,3.056951980905892e-05,0.00012963686898823408,0.0002041178690978425,16.840024568769536,10000.0,4.357708238799827e-06,2.4005582771101315,,False
Rajshahi,adult,P95_ELCR,1000,5,0.0015618551437630859,0.00012010093865790908,0.0014430060840768268,0.0017318021378997506,7.689633647365119,,,,,False
Rajshahi,adult,P95_ELCR,5000,5,0.0015109353304051077,0.00012513492117702073,0.0013532414612265323,0.0016551376408752247,8.281950832632255,1000.0,5.0919813357978155e-05,3.3700855578197166,,False
Rajshahi,adult,P95_ELCR,10000,5,0.0015164884276965573,6.161826935250642e-05,0.0014214322332404678,0.001589087483834563,4.063220544722546,5000.0,5.5530972914495744e-06,0.3661813166543151,,True
Rajshahi,adult,P95_ELCR,20000,5,0.0015198394027618038,5.993607019546481e-05,0.0014468809152023026,0.0015963740805978552,3.943579175967598,10000.0,3.350975065246481e-06,0.22048218115395585,,True
Rajshahi,adult,P95_HI,1000,5,3.47957912132921,0.2664991792544296,3.211474667103473,3.8578267650336384,7.658948682064345,,,,,False
Rajshahi,adult,P95_HI,5000,5,3.365697773370549,0.27758761605021215,3.0174637656352825,3.687439618433677,8.247550277582542,1000.0,0.11388134795866112,3.383588058906894,,False
Rajshahi,adult,P95_HI,10000,5,3.3774615921906097,0.13688378651401573,3.166561231286713,3.538852341142128,4.052859900184191,5000.0,0.011763818820060834,0.3483035557609661,,True
Rajshahi,adult,P95_HI,20000,5,3.3918720191829683,0.14073339328608478,3.2210263604802085,3.5737135234693933,4.149136302612754,10000.0,0.014410426992358616,0.4248517311637775,,True
Rajshahi,adult,P_HI_gt_1,1000,5,0.10840000000000001,0.007635443667528432,0.098,0.116,7.0437672209671875,,,,0.009831044705421699,False
Rajshahi,adult,P_HI_gt_1,5000,5,0.10676000000000001,0.005669920634365176,0.1006,0.1148,5.310903554107509,1000.0,0.0016400000000000026,1.5361558636193353,0.004367202821028582,True
Rajshahi,adult,P_HI_gt_1,10000,5,0.10824,0.002258982071642,0.1066,0.112,2.087012261310052,5000.0,0.0014799999999999952,1.3673318551367286,0.0031068328310354903,True
Rajshahi,adult,P_HI_gt_1,20000,5,0.10912999999999999,0.0014868591056317253,0.10775,0.11145,1.3624659631922709,10000.0,0.000889999999999988,0.815541097773287,0.0022047748535848283,True
Rajshahi,adult,P_HI_gt_2,1000,5,0.0752,0.0037682887362833588,0.072,0.081,5.011022255695956,,,,0.008339362085915205,False
Rajshahi,adult,P_HI_gt_2,5000,5,0.07243999999999999,0.002467387282126581,0.0686,0.0748,3.40611165395718,1000.0,0.0027600000000000124,3.8100496963004042,0.003665854508842379,True
Rajshahi,adult,P_HI_gt_2,10000,5,0.07446,0.002802320467041565,0.0705,0.0782,3.76352466699109,5000.0,0.002020000000000008,2.712865968305141,0.0026251801538180195,True
Rajshahi,adult,P_HI_gt_2,20000,5,0.07356,0.0015938946012832816,0.0718,0.07555,2.1667952709125635,10000.0,0.000899999999999998,1.2234910277324607,0.0018459269541344263,True
Rajshahi,adult,mean_HI,1000,5,0.6679292644224936,0.05365338853423445,0.6053358744932886,0.7287497821622902,8.032794996731331,,,,,False
Rajshahi,adult,mean_HI,5000,5,0.6468535888834459,0.0321097690338112,0.6058164121102664,0.6722355408073598,4.963993334138699,1000.0,0.021075675539047656,3.2581832892706113,,True
Rajshahi,adult,mean_HI,10000,5,0.6594338165366871,0.014980114967704631,0.6376607599447361,0.6746263155011711,2.2716631437525354,5000.0,0.012580227653241183,1.9077316536952713,,True
Rajshahi,adult,mean_HI,20000,5,0.6493137353466427,0.012961963893887062,0.6278957928971189,0.6632055768226228,1.996255921949223,10000.0,0.010120081190044372,1.5585811048093205,,True
Rajshahi,child,P50_HI,1000,5,0.0006499253130607276,0.0003036423352129872,0.00025137705685320335,0.001054360727157941,46.71957363578106,,,,,False
Rajshahi,child,P50_HI,5000,5,0.0010127792024890287,0.0001203483511182617,0.0008982996196086107,0.001212733039457725,11.882980102917884,1000.0,0.0003628538894283011,35.82754153487189,,False
Rajshahi,child,P50_HI,10000,5,0.0010082107925377059,8.092428575166301e-05,0.0009296387145648218,0.0011287414764963141,8.026524448123933,5000.0,4.5684099513228216e-06,0.4531205165760977,,False
Rajshahi,child,P50_HI,20000,5,0.0009787879469436243,7.319086963084025e-05,0.0008896357468675449,0.0010687001783414745,7.477704426110578,10000.0,2.9422845594081603e-05,3.0060490309425814,,False
Rajshahi,child,P95_ELCR,1000,5,0.0007131264692544897,0.00015602155924360791,0.0005727519077675965,0.0009556354244132429,21.87852589551396,,,,,False
Rajshahi,child,P95_ELCR,5000,5,0.0006896621755654688,2.0158443755618252e-05,0.0006656558470140691,0.0007095048977657342,2.922944663318662,1000.0,2.346429368902086e-05,3.4022880361362406,,True
Rajshahi,child,P95_ELCR,10000,5,0.0007091819519978125,2.8333439622214742e-05,0.0006827641109461037,0.0007553990224144888,3.9952285224401956,5000.0,1.9519776432343726e-05,2.752435588265497,,True
Rajshahi,child,P95_ELCR,20000,5,0.0007156143375500739,2.0770517910163394e-05,0.0006903436818131427,0.0007400863320051745,2.902473695716027,10000.0,6.43238555226135e-06,0.8988620287126731,,True
Rajshahi,child,P95_HI,1000,5,18.507750610752442,4.048429300248765,14.870679942224946,24.80061657736198,21.874237368947206,,,,,False
Rajshahi,child,P95_HI,5000,5,17.897352158916807,0.5179049423210346,17.292277183274862,18.403650990394716,2.8937517556919965,1000.0,0.6103984518356356,3.4105517196940403,,True
Rajshahi,child,P95_HI,10000,5,18.40796094180511,0.7325908296172892,17.71626173222016,19.59832058449217,3.9797500219242115,5000.0,0.5106087828883048,2.7738476005166586,,True
Rajshahi,child,P95_HI,20000,5,18.58588932478262,0.5273927355690311,17.958989734555644,19.201010673307213,2.8375975254829484,10000.0,0.1779283829775089,0.9573304772683507,,True
Rajshahi,child,P_HI_gt_1,1000,5,0.1824,0.008018728078691782,0.17,0.192,4.396232499282775,,,,0.012211889288721873,False
Rajshahi,child,P_HI_gt_1,5000,5,0.197,0.004489988864128725,0.1894,0.2012,2.2791821645323473,1000.0,0.014600000000000002,7.411167512690356,0.005624784440314135,False
Rajshahi,child,P_HI_gt_1,10000,5,0.20292,0.0013682105101189695,0.2016,0.2051,0.674261043819717,5000.0,0.005919999999999981,2.917405874236143,0.004021734372133495,True
Rajshahi,child,P_HI_gt_1,20000,5,0.19938,0.0029638657189555704,0.19425,0.20195,1.486541137002493,10000.0,0.0035399999999999876,1.7755040625940353,0.0028251337632048505,True
Rajshahi,child,P_HI_gt_2,1000,5,0.1464,0.00882043082847998,0.137,0.159,6.024884445683046,,,,0.011178865774308232,False
Rajshahi,child,P_HI_gt_2,5000,5,0.15928,0.003090631003533099,0.154,0.162,1.9403760695210315,1000.0,0.012880000000000003,8.086388749372176,0.005175130560671875,False
Rajshahi,child,P_HI_gt_2,10000,5,0.16472,0.0009038805230781275,0.1638,0.1659,0.5487375686486932,5000.0,0.00544,3.3025740650801363,0.0037092765008826184,True
Rajshahi,child,P_HI_gt_2,20000,5,0.1619,0.0019849433241279158,0.1587,0.1641,1.2260304657985892,10000.0,0.002820000000000017,1.7418159357628271,0.002604691824381533,True
Rajshahi,child,mean_HI,1000,5,3.8668767448971897,0.9396944883525193,2.71723779820883,5.301969005323523,24.30112337023826,,,,,False
Rajshahi,child,mean_HI,5000,5,3.533086490228712,0.19864899906468372,3.3291792653518373,3.830200382940896,5.62253428026961,1000.0,0.3337902546684779,9.447554018041327,,False
Rajshahi,child,mean_HI,10000,5,3.5883374887022867,0.16536622223793435,3.388037040893113,3.725465915650052,4.608435598897321,5000.0,0.05525099847357495,1.539738072227881,,True
Rajshahi,child,mean_HI,20000,5,3.717929150553828,0.11984825494199433,3.597153672303007,3.9093338820766714,3.2235217533432974,10000.0,0.12959166185154114,3.4855871804936625,,True
Rangpur,adult,P50_HI,1000,5,0.034542817370393504,0.002873921435347619,0.031869487932948554,0.03933426876920815,8.319881393956141,,,,,False
Rangpur,adult,P50_HI,5000,5,0.032033768761635564,0.0019492698650120438,0.02910035676806818,0.03456895288793256,6.085046937550906,1000.0,0.0025090486087579397,7.832511458229788,,False
Rangpur,adult,P50_HI,10000,5,0.031238599011910406,0.0010605578073542377,0.029817522035790307,0.032566018482233755,3.395023595487994,5000.0,0.0007951697497251588,2.545471867742797,,True
Rangpur,adult,P50_HI,20000,5,0.03226195637274486,0.0017053458419592404,0.03107063713781412,0.03497613190042956,5.28593437501493,10000.0,0.0010233573608344516,3.172025121511204,,False
Rangpur,adult,P95_ELCR,1000,5,0.0007544697174915357,5.20519251591871e-05,0.0007157620623463517,0.0008133718852832599,6.899140409803268,,,,,False
Rangpur,adult,P95_ELCR,5000,5,0.0007723010502424864,3.274053975793068e-05,0.0007150792424793727,0.0007981788180111652,4.239349376470592,1000.0,1.7831332750950653e-05,2.3088577628312157,,True
Rangpur,adult,P95_ELCR,10000,5,0.0007915824922324347,2.5242252700660507e-05,0.0007629813083133767,0.0008271198807595723,3.1888341326842475,5000.0,1.9281441989948338e-05,2.4358095560666686,,True
Rangpur,adult,P95_ELCR,20000,5,0.0007771727854872646,1.8090419676637166e-05,0.000752525042613734,0.0008021792095175424,2.327721713170258,10000.0,1.4409706745170149e-05,1.8541188026978692,,True
Rangpur,adult,P95_HI,1000,5,1.683942094655429,0.11413070138476421,1.5978413004079999,1.8113393710588344,6.777590615912349,,,,,False
Rangpur,adult,P95_HI,5000,5,1.721496341835183,0.07359814391221259,1.592857483575737,1.7800688661565687,4.275242538927156,1000.0,0.037554247179753864,2.1814886425909887,,True
Rangpur,adult,P95_HI,10000,5,1.7628776343458565,0.056198163329052024,1.6995631595017873,1.8416451916526837,3.1878652400003493,5000.0,0.04138129251067357,2.3473718030366157,,True
Rangpur,adult,P95_HI,20000,5,1.7306204551999875,0.03998160306468564,1.674678129916361,1.7847169182658933,2.310246764075456,10000.0,0.03225717914586901,1.8639083485316499,,True
Rangpur,adult,P_HI_gt_1,1000,5,0.09659999999999999,0.005594640292279749,0.089,0.103,5.791553097598085,,,,0.009341757864556327,False
Rangpur,adult,P_HI_gt_1,5000,5,0.09528,0.0034484779251142063,0.0906,0.0988,3.6193093252667987,1000.0,0.0013199999999999878,1.385390428211574,0.004152149361475331,True
Rangpur,adult,P_HI_gt_1,10000,5,0.09708,0.0020945166506857846,0.0946,0.0999,2.1575161214315868,5000.0,0.001799999999999996,1.8541409147095138,0.0029606667086992415,True
Rangpur,adult,P_HI_gt_1,20000,5,0.09676,0.003154243173884979,0.0929,0.1006,3.2598627262143234,10000.0,0.00032000000000000084,0.3307151715584961,0.00209042462672061,True
Rangpur,adult,P_HI_gt_2,1000,5,0.0386,0.007021395872616782,0.031,0.048,18.19014474771187,,,,0.006091801047309408,False
Rangpur,adult,P_HI_gt_2,5000,5,0.04104,0.0024955961211702497,0.037,0.0438,6.080887234820296,1000.0,0.0024399999999999977,5.945419103313834,0.0028055558593619197,True
Rangpur,adult,P_HI_gt_2,10000,5,0.04204,0.0019768662069042514,0.0393,0.0441,4.702345877507734,5000.0,0.0010000000000000009,2.378686964795435,0.0020068043850859007,True
Rangpur,adult,P_HI_gt_2,20000,5,0.04056,0.0012675764276760576,0.03835,0.0415,3.125188431153988,10000.0,0.0014800000000000021,3.648915187376731,0.0013948993942216764,True
Rangpur,adult,mean_HI,1000,5,0.34866876411809133,0.028003775249912908,0.3235011199951239,0.3890093527817573,8.031627186548967,,,,,False
Rangpur,adult,mean_HI,5000,5,0.3433893106700623,0.006955720255796351,0.3337230004506284,0.35218836761443334,2.0256076819116817,1000.0,0.005279453448029048,1.5374542200300723,,True
Rangpur,adult,mean_HI,10000,5,0.350750346051357,0.009053664220260185,0.3401585133092467,0.36440868465034437,2.581227451999304,5000.0,0.007361035381294734,2.09865377587309,,True
Rangpur,adult,mean_HI,20000,5,0.3472268023443165,0.009618408631210183,0.3345838617204952,0.3594325376572833,2.7700651465471813,10000.0,0.0035235437070404996,1.0147672020855374,,True
Rangpur,child,P50_HI,1000,5,0.17435937430329768,0.017284045860103275,0.15276275972066966,0.1958636211729941,9.91288591689812,,,,,False
Rangpur,child,P50_HI,5000,5,0.17432387223585222,0.008757465159401004,0.16454777145463184,0.18593117362288003,5.02367521273997,1000.0,3.5502067445458696e-05,0.020365579877336608,,False
Rangpur,child,P50_HI,10000,5,0.1768294523837684,0.008261806950289503,0.16889171419089846,0.1904425834924503,4.672189411274721,5000.0,0.0025055801479161866,1.4169472981674966,,True
Rangpur,child,P50_HI,20000,5,0.17074842975227628,0.003890952960755493,0.16618389349914642,0.1757707050428369,2.2787635390852676,10000.0,0.006081022631492128,3.5613930039149078,,True
Rangpur,child,P95_ELCR,1000,5,0.00038545780894128355,4.3551654239806885e-05,0.0003277005363145434,0.000445512784579158,11.298682561245261,,,,,False
Rangpur,child,P95_ELCR,5000,5,0.0003680068884265319,7.298419008464034e-06,0.00035766106867065646,0.0003763599987331358,1.983228911738448,1000.0,1.7450920514751626e-05,4.7420092024270595,,True
Rangpur,child,P95_ELCR,10000,5,0.0003642634631917269,1.2234443641400143e-05,0.00034644232748241627,0.0003758155642385061,3.358679878075131,5000.0,3.7434252348050043e-06,1.0276696987407394,,True
Rangpur,child,P95_ELCR,20000,5,0.0003744355237445479,6.244750473362331e-06,0.00036597004380314646,0.00038205723389304696,1.6677772479789346,10000.0,1.0172060552820974e-05,2.7166387556114158,,True
Rangpur,child,P95_HI,1000,5,10.007450912718742,1.1309247414283305,8.508231844075192,11.565190421343631,11.300827266522061,,,,,False
Rangpur,child,P95_HI,5000,5,9.551814197475931,0.19200524715061978,9.279186787547605,9.76933217855158,2.0101442844371618,1000.0,0.4556367152428109,4.770158901993854,,True
Rangpur,child,P95_HI,10000,5,9.453803915583554,0.3148739175481446,8.997700485340891,9.754677821467153,3.330658435057127,5000.0,0.09801028189237648,1.036728525020678,,True
Rangpur,child,P95_HI,20000,5,9.716724489735139,0.164228093117994,9.494374671009512,9.912976949238402,1.6901589963931412,10000.0,0.2629205741515843,2.705856015875892,,True
Rangpur,child,P_HI_gt_1,1000,5,0.2956,0.005594640292279763,0.29,0.303,1.8926387998240064,,,,0.014429852390097411,False
Rangpur,child,P_HI_gt_1,5000,5,0.29916,0.00606036302543007,0.2926,0.3084,2.025793229519344,1000.0,0.0035600000000000076,1.1899986629228532,0.0064755431339772575,True
Rangpur,child,P_HI_gt_1,10000,5,0.29908,0.0030293563672833253,0.294,0.3015,1.0128916568420907,5000.0,7.999999999996898e-05,0.026748696001059575,0.004578549482095831,True
Rangpur,child,P_HI_gt_1,20000,5,0.29706,0.0022801863958895998,0.29365,0.2998,0.7675844596679459,10000.0,0.0020200000000000218,0.679997306941366,0.0032312176992582843,True
Rangpur,child,P_HI_gt_2,1000,5,0.217,0.006164414002968982,0.214,0.228,2.8407437801700377,,,,0.013034991369387246,False
Rangpur,child,P_HI_gt_2,5000,5,0.2164,0.006204836822995414,0.2088,0.2234,2.867299825783463,1000.0,0.0005999999999999894,0.2772643253234702,0.005823590644954366,True
Rangpur,child,P_HI_gt_2,10000,5,0.21149999999999997,0.005016971197844371,0.204,0.2168,2.3720904008720436,5000.0,0.004900000000000043,2.31678486997638,0.004083720729922652,True
Rangpur,child,P_HI_gt_2,20000,5,0.20917,0.0017152259326397893,0.2075,0.212,0.8200152663574075,10000.0,0.002329999999999971,1.1139264712912804,0.002875916472187605,True
Rangpur,child,mean_HI,1000,5,2.010631109338795,0.07169440593323838,1.9160672449820226,2.083288852339036,3.5657662711095424,,,,,False
Rangpur,child,mean_HI,5000,5,1.9355348460084567,0.05274866658879191,1.8552835091622,1.993874394656236,2.725275997875858,1000.0,0.07509626333033825,3.87987142082226,,True
Rangpur,child,mean_HI,10000,5,1.9542599622265997,0.038618420583656256,1.9126489332497048,2.0008832513551402,1.9761148122615217,5000.0,0.01872511621814299,0.9581691576390071,,True
Rangpur,child,mean_HI,20000,5,1.9687826682405174,0.03537124776007431,1.922516470180589,2.0166486157767256,1.7966049950899488,10000.0,0.014522706013917697,0.7376490177504713,,True
Sylhet,adult,P50_HI,1000,5,0.354060949254957,0.025197956851509877,0.32321148655665466,0.39070149323433084,7.116841578980513,,,,,False
Sylhet,adult,P50_HI,5000,5,0.38248183689262816,0.018297976227500366,0.3640594596057478,0.4066009990487498,4.7840118046277444,1000.0,0.028420887637671144,7.430650267884372,,False
Sylhet,adult,P50_HI,10000,5,0.3736012828648848,0.010524414104779483,0.3593807229322896,0.3881439019809718,2.817017656918941,5000.0,0.008880554027743348,2.377013793861906,,True
Sylhet,adult,P50_HI,20000,5,0.37253106662681945,0.001870322805623871,0.36997560961153797,0.37480566463982046,0.5020582102210162,10000.0,0.001070216238065358,0.28728241318392916,,True
Sylhet,adult,P95_ELCR,1000,5,0.0027900072707088375,0.00023859682719731603,0.0025374034876690186,0.0031354766519989656,8.551835319651243,,,,,False
Sylhet,adult,P95_ELCR,5000,5,0.0030644998490276703,0.00010868978152760956,0.002924530709129961,0.00319693836781382,3.5467380284614975,1000.0,0.0002744925783188328,8.957173824169908,,False
Sylhet,adult,P95_ELCR,10000,5,0.0028911259215874275,6.450776215686806e-05,0.0028019552517365488,0.0029642743121581928,2.231233225616436,5000.0,0.00017337392744024276,5.996761543511343,,False
Sylhet,adult,P95_ELCR,20000,5,0.0029139183415750674,4.4989949791042845e-05,0.002874249515617534,0.00297571540767858,1.543967418343107,10000.0,2.279241998763993e-05,0.7821914451905981,,True
Sylhet,adult,P95_HI,1000,5,6.214502737638703,0.5374954267490818,5.646653187307735,6.988777633894081,8.649049641473189,,,,,False
Sylhet,adult,P95_HI,5000,5,6.820717278802344,0.23928306776825206,6.511307380957501,7.110633371942921,3.508180415451379,1000.0,0.6062145411636406,8.887841503820349,,False
Sylhet,adult,P95_HI,10000,5,6.4419909375742295,0.14114880067565982,6.251988132362937,6.605225154256889,2.1910741887632996,5000.0,0.37872634122811455,5.8790262963444375,,False
Sylhet,adult,P95_HI,20000,5,6.491764328204394,0.09996529047212448,6.400037659601314,6.6287489547246805,1.5398786126263249,10000.0,0.04977339063016473,0.7667159205690377,,True
Sylhet,adult,P_HI_gt_1,1000,5,0.32120000000000004,0.006648308055437865,0.313,0.329,2.0698343883679526,,,,0.014765857916152383,False
Sylhet,adult,P_HI_gt_1,5000,5,0.33731999999999995,0.004588245852174885,0.3326,0.3422,1.3602056955338804,1000.0,0.016119999999999912,4.778845013636877,0.006686332591189283,False
Sylhet,adult,P_HI_gt_1,10000,5,0.32876,0.0040327410033375545,0.3254,0.3356,1.2266519659744355,5000.0,0.008559999999999957,2.6037230806667346,0.004697625595979313,True
Sylhet,adult,P_HI_gt_1,20000,5,0.32999999999999996,0.0015628499608087776,0.328,0.33215,0.47359089721478115,10000.0,0.0012399999999999634,0.3757575757575647,0.0033249060137092597,True
Sylhet,adult,P_HI_gt_2,1000,5,0.1988,0.007661592523751181,0.19,0.209,3.8539197805589445,,,,0.012620561001793859,False
Sylhet,adult,P_HI_gt_2,5000,5,0.21116000000000001,0.003326860381801428,0.2058,0.2148,1.5755163770607254,1000.0,0.01236000000000001,5.853381322220122,0.005771853331469885,False
Sylhet,adult,P_HI_gt_2,10000,5,0.20536,0.0029996666481460843,0.2023,0.2091,1.46068691475754,5000.0,0.005800000000000027,2.824308531359577,0.004039644419995403,True
Sylhet,adult,P_HI_gt_2,20000,5,0.20552,0.001699485216175775,0.2036,0.2076,0.8269196263992676,10000.0,0.00016000000000002124,0.07785130400935249,0.0028572848090451185,True
Sylhet,adult,mean_HI,1000,5,1.444873394684712,0.07133610758360968,1.3634392894285379,1.5301094030095337,4.937187427357678,,,,,False
Sylhet,adult,mean_HI,5000,5,1.5290919954508844,0.033345074184944624,1.4924328722876594,1.5791532460804625,2.180710793343218,1000.0,0.08421860076617227,5.507752379629629,,False
Sylhet,adult,mean_HI,10000,5,1.4659622058211934,0.02906122280640037,1.4256686180135105,1.5062005976052468,1.9823991840308763,5000.0,0.06312978962969096,4.306372250185489,,True
Sylhet,adult,mean_HI,20000,5,1.4709512447129933,0.010956991780968752,1.452528965763338,1.481588553294308,0.7448915673004948,10000.0,0.004989038891799913,0.33917092151979217,,True
Sylhet,child,P50_HI,1000,5,1.9771835641708233,0.16013259681334108,1.8061961457215872,2.188605241741107,8.099025286025798,,,,,False
Sylhet,child,P50_HI,5000,5,1.9710561509710267,0.11296520061481542,1.8979536526196132,2.167964876335663,5.731201546904888,1000.0,0.006127413199796594,0.3108695405140015,,False
Sylhet,child,P50_HI,10000,5,1.9640701971620331,0.050117637507711456,1.9085849468226863,2.0396904053812133,2.5517233335207936,5000.0,0.0069859538089935835,0.3556875828108323,,True
Sylhet,child,P50_HI,20000,5,1.966728476600911,0.0389123985614104,1.9200260145944466,2.0167471859623918,1.9785343540996845,10000.0,0.002658279438877864,0.1351625031367908,,True
Sylhet,child,P95_ELCR,1000,5,0.0013800713776787991,0.000192139908667794,0.0011605884840668868,0.0016597353663434687,13.922461676653441,,,,,False
Sylhet,child,P95_ELCR,5000,5,0.0013432607304364927,4.95891427099834e-05,0.0012697642818476616,0.0013805787589537687,3.691698981914658,1000.0,3.6810647242306377e-05,2.740394802604313,,True
Sylhet,child,P95_ELCR,10000,5,0.001389096039189592,2.7585760070698743e-05,0.0013496313676285368,0.0014240652768201356,1.9858785348486387,5000.0,4.583530875309919e-05,3.299650093296632,,True
Sylhet,child,P95_ELCR,20000,5,0.0013712933197383053,2.364507079962346e-05,0.001346502615054356,0.0013977822151700586,1.724289797031596,10000.0,1.7802719451286662e-05,1.2982429940433238,,True
Sylhet,child,P95_HI,1000,5,35.805089829657696,4.9824366521327885,30.111437238494375,43.050472411600765,13.915442401727447,,,,,False
Sylhet,child,P95_HI,5000,5,34.85091682906813,1.2897628228903366,32.93663562649357,35.80769162086375,3.700800266507144,1000.0,0.954173000589563,2.737870585354917,,True
Sylhet,child,P95_HI,10000,5,36.05781407396677,0.729849116648357,35.01111749650897,36.983888195756336,2.024108048122911,5000.0,1.2068972448986344,3.347117056022531,,True
Sylhet,child,P95_HI,20000,5,35.583964796679105,0.6163981434161379,34.95486827914273,36.27349289902789,1.7322357048691313,10000.0,0.4738492772876626,1.3316371011357477,,True
Sylhet,child,P_HI_gt_1,1000,5,0.5972,0.01871363139532248,0.579,0.621,3.133561854541608,,,,0.015509744033993599,False
Sylhet,child,P_HI_gt_1,5000,5,0.5969599999999999,0.006816744090839836,0.5908,0.6078,1.1419096909072362,1000.0,0.00024000000000001798,0.04020369874028712,0.006936840179793679,True
Sylhet,child,P_HI_gt_1,10000,5,0.5974,0.004001874560752794,0.5927,0.6024,0.6698819150908594,5000.0,0.00044000000000010697,0.07365249414129678,0.004904214921880973,True
Sylhet,child,P_HI_gt_1,20000,5,0.59846,0.004678060495547238,0.59275,0.6041,0.7816830691353204,10000.0,0.0010599999999999499,0.17712127794672156,0.0034663065963644935,True
Sylhet,child,P_HI_gt_2,1000,5,0.49779999999999996,0.016192590898309038,0.478,0.52,3.252830634453403,,,,0.015811235245862355,False
Sylhet,child,P_HI_gt_2,5000,5,0.49672,0.008578577970736164,0.4908,0.5114,1.7270450094089556,1000.0,0.0010799999999999699,0.21742631663713358,0.00707091566347669,True
Sylhet,child,P_HI_gt_2,10000,5,0.49688,0.004137873850179531,0.4932,0.5035,0.8327712627152494,5000.0,0.00015999999999999348,0.03220093382707968,0.0049999026550523965,True
Sylhet,child,P_HI_gt_2,20000,5,0.49728000000000006,0.003573268811606547,0.49285,0.5018,0.7185627436467477,10000.0,0.00040000000000006697,0.0804375804375939,0.0035354815909575885,True
Sylhet,child,mean_HI,1000,5,8.267722947551459,0.732398432809736,7.324399553150408,9.295721072210592,8.858526555085408,,,,,False
Sylhet,child,mean_HI,5000,5,7.9901494972381375,0.28696108515466207,7.564611702422719,8.348841740661221,3.5914357453994143,1000.0,0.27757345031332115,3.473945642810147,,True
Sylhet,child,mean_HI,10000,5,8.152150299941741,0.10469341413623112,7.976315643958911,8.249472794565877,1.2842429332660772,5000.0,0.16200080270360395,1.9872156025479766,,True
Sylhet,child,mean_HI,20000,5,8.167642751305467,0.16608321918543203,7.949183386183088,8.31340677580164,2.0334290350650597,10000.0,0.015492451363725124,0.18968081532764033,,True
