district,population,P50_HI_r0,P50_HI_r1,P50_HI_r2,P50_HI_r3,P50_HI_r4,P95_ELCR_r0,P95_ELCR_r1,P95_ELCR_r2,P95_ELCR_r3,P95_ELCR_r4,P95_HI_r0,P95_HI_r1,P95_HI_r2,P95_HI_r3,P95_HI_r4,P_HI_gt_1_r0,P_HI_gt_1_r1,P_HI_gt_1_r2,P_HI_gt_1_r3,P_HI_gt_1_r4,P_HI_gt_2_r0,P_HI_gt_2_r1,P_HI_gt_2_r2,P_HI_gt_2_r3,P_HI_gt_2_r4,mean_HI_r0,mean_HI_r1,mean_HI_r2,mean_HI_r3,mean_HI_r4,mean_HI_cv_pct,P50_HI_cv_pct,P95_HI_cv_pct,P_HI_gt_1_cv_pct,P_HI_gt_2_cv_pct,P95_ELCR_cv_pct
Barisal,adult,0.3796546091912346,0.3590591111388875,0.34779994089197713,0.36004815587448064,0.36353937649580603,0.014395427689211133,0.01564163088531582,0.014093647668758395,0.014959066777698793,0.014136292066313807,32.05888754831625,34.82338165928123,31.406414771062938,33.32806459549787,31.523719719530835,0.412,0.405,0.4031,0.406,0.4062,0.3379,0.3304,0.3297,0.3309,0.3349,6.397414613738818,6.710946085962596,6.159459674689664,6.443587650692016,6.349324970481408,3.1023085655330065,3.17407404455112,4.426918262371432,0.8196049023661446,1.0560079671364044,4.473585132903003
Barisal,child,1.9047624480885996,2.286817194527662,1.8854514004102678,1.8337153363994827,2.0065689876317925,0.006745823888859346,0.007042996095354892,0.006671143615624636,0.006821190252140389,0.007316220090883541,175.12496142356832,182.7995111906202,173.1514269762355,177.17202955249434,190.0035888656529,0.5582,0.5653,0.5515,0.5477,0.557,0.4953,0.5112,0.4948,0.4936,0.5002,36.38645035332002,36.310713290155824,35.313689744297115,35.75504883002205,38.10988721732106,2.923920735249864,9.116328868378679,3.795390547813749,1.2114987247207138,1.454636195007453,3.783456839423
Bogra,adult,0.04892305615512556,0.0450531651153726,0.04848689600243597,0.052756415563270695,0.05017464282768561,0.002951429867048944,0.002703934386609601,0.0025530616956068084,0.003123629460860889,0.0026103058260777056,6.569588446862367,6.02474094345108,5.689159027327945,6.961573219554516,5.820726838203748,0.1553,0.1502,0.1488,0.1607,0.1529,0.1061,0.0982,0.1,0.1121,0.1024,3.8282083818182007,4.50945303227991,2.515695808114657,4.297096431395564,2.517073142766531,27.187149417306543,5.700199254573754,8.634589983766624,3.0607791521459697,5.321068992275727,8.658885299382112
Bogra,child,0.2477604320451232,0.25751206295018925,0.27388494962118914,0.2621101120638828,0.2568950322417328,0.0012824357603376153,0.0012680580743622504,0.001184108439357096,0.0012779947629385153,0.0011322645007467193,33.266297294912235,32.91721760129953,30.724851180883935,33.16661846809736,29.421861348232348,0.3238,0.3197,0.3295,0.3232,0.3228,0.2459,0.2405,0.2516,0.2386,0.2456,16.042191862718905,14.231281067763188,17.09203289202279,16.198101106967414,26.111689146156323,26.135259971302364,3.6651289284555726,5.43605709488807,1.0990710098378202,2.0897278569712348,5.4817462091033065
Chittagong,adult,0.2297410929617673,0.22104613426090847,0.2305973845555262,0.2241969874495971,0.22579670253140918,0.0029942951442597484,0.0029512433160296795,0.00285630541524017,0.002766336279628164,0.002910965034732293,6.663347732213144,6.590694195088805,6.361999112043837,6.161167491919258,6.491872766632222,0.2321,0.2319,0.2345,0.2387,0.2335,0.1425,0.141,0.1422,0.1422,0.1401,1.8246615078488448,2.027689954398593,1.7863847481960717,1.730233094032361,1.918635526405018,6.314731727548392,1.7481005819313005,3.081080897630486,1.1795863224364247,0.718467159229369,3.0559687245172853
Chittagong,child,1.2069904573186454,1.1913175919985532,1.2458144302789398,1.1784001821698789,1.168518297884778,0.001337579464120522,0.0013282501560560695,0.0014880458717785074,0.0013473100589316395,0.0013182786806770572,34.71327299304937,34.44845953783366,38.59982271991028,34.955870585303515,34.22382429421064,0.5375,0.5369,0.5403,0.5322,0.5298,0.4034,0.4,0.4127,0.4007,0.3977,9.275554206496189,11.337557096426087,10.46101085830689,10.34536933492285,9.562550010692467,7.97384382750562,2.5261749519726724,5.1325053965181135,0.7938989844066048,1.4503281990563774,5.149674980207754
Comilla,adult,4.079069716707418,3.840234173687737,3.980416833935764,3.859004092312336,3.90910051237187,0.023033887440399255,0.0216802162894518,0.021684771873918377,0.021484064911145285,0.022462194035380616,51.33839908331366,48.36380500964981,48.31122869246709,47.853271469861944,50.01473197364523,0.7229,0.7145,0.7085,0.7072,0.7096,0.6254,0.6128,0.6172,0.6072,0.6182,12.097150161149953,11.568452342577226,11.556172357135626,11.650935548454028,11.85200978907208,1.9561314138988117,2.4855090577962495,2.9706757268558386,0.9004181903556874,1.0953203454391496,2.97697676169095
Comilla,child,20.550179669594765,19.31809990439271,20.563480772281206,20.30033228967424,20.604110732490273,0.01000006548980059,0.01053285646019257,0.010773646443450365,0.010239398817246172,0.010461522389520899,259.5923675834967,273.5138311381401,279.47415936541796,265.69661709403135,271.8342881804418,0.8514,0.8521,0.8596,0.8524,0.8613,0.801,0.8017,0.8079,0.8021,0.8115,63.18176861226852,63.680277626989465,66.23826275154008,63.576421863506795,63.63615777917335,1.9235105952045712,2.6835827238704173,2.8222882736410293,0.5493891765040373,0.5755526635461137,2.830733835138627
Dhaka,adult,0.1415041543734834,0.142930603831447,0.1559189512037047,0.12616910845642382,0.1331160104283658,0.009683054255481306,0.009808932680813242,0.010244399785594672,0.00944939452979997,0.010006688295359625,21.56542774620328,21.84018081660441,22.838411041294595,21.06798051834571,22.305931849386045,0.3346,0.3362,0.3375,0.331,0.333,0.2684,0.2687,0.2677,0.2654,0.269,4.18838084460402,4.17131445901859,4.363753890210156,4.054027210894251,4.199343587863417,2.637449444457517,8.013382352824276,3.10234270499205,0.7680013265466358,0.5401435293864008,3.089145650303731
Dhaka,child,0.716181580230105,0.7442898357744814,0.7070170346292892,0.7421673376240687,0.6461716008581941,0.00466789137943052,0.004563498249789302,0.004680865822349528,0.004897188234163702,0.004687562300648396,121.10349937038607,118.44413049443014,121.44470850977473,127.16847493094718,121.69367158027072,0.4765,0.4782,0.4748,0.4772,0.4684,0.4223,0.4252,0.4196,0.4262,0.4103,23.416430586041272,24.44861363804631,24.574414790878535,23.84597578470207,23.126535928997125,2.639311103171315,5.591478077419075,2.6107027950167048,0.8216116150158224,1.514632582090981,2.585805980901675
Khulna,adult,0.09068619843076534,0.09172522437829003,0.08871473288441081,0.08859271229994062,0.09258702971757168,0.0070309187772677135,0.007122978823621316,0.00708976636722209,0.006633536141229257,0.007300855365515125,15.677957877719315,15.855856918651376,15.835165513578906,14.786526863759049,16.30014166720541,0.3004,0.2963,0.2952,0.2942,0.3009,0.231,0.2288,0.2278,0.2243,0.2329,2.8746407654731154,2.9120397619484586,3.129672598814345,2.8294455247919577,3.012264484357162,4.072608050361993,1.9704354419742278,3.544424287333152,1.030092379424368,1.4282037432233268,3.5004154732145425
Khulna,child,0.5218644187898233,0.44300137013767676,0.5003752220023711,0.5413266582929239,0.4754325560618118,0.0032462982878284936,0.0033311904863925186,0.0034714637868309595,0.0033673095121217237,0.0034800049638512645,84.31390482173417,86.49881294658829,90.24326354397435,87.40166839351885,90.29070735657892,0.4488,0.4411,0.4499,0.4536,0.4422,0.3921,0.3878,0.3882,0.3941,0.3854,16.737978912477775,16.608082261213088,17.108292004306026,17.070408091425733,17.322377322712168,1.7135035602981847,7.7850170806400945,2.914645844784496,1.1886720975608234,0.9013613597247264,2.9138833095340066
Mymensingh,adult,0.011402953340628852,0.011971287065021145,0.012780188418021542,0.011125295537956825,0.011526836610284634,0.003227278622435775,0.0029754330579447965,0.003263345013388815,0.0031419003094311426,0.003370067815249264,7.1913073392366975,6.635500986597107,7.268124640418828,7.0175323410781365,7.516306485233738,0.1911,0.1862,0.2003,0.1907,0.1952,0.1381,0.1306,0.1412,0.134,0.1409,1.3685291260792942,1.252691653989406,1.3491101641736718,1.3289645152651686,1.3605533074367344,3.5096787591062863,5.49398473458225,4.596716042361059,2.756013479662942,3.3461616604131,4.625359568073728
Mymensingh,child,0.0574497868003067,0.056623669858015785,0.05589435766939664,0.06526960350169775,0.05981212431544629,0.0014608257973842992,0.0015514230640692277,0.001499414638850377,0.0015327814565091703,0.0015710978675441785,37.908129010013305,40.24795453783649,38.90079164456239,39.80579826269626,40.76681809565499,0.3202,0.3202,0.318,0.3183,0.321,0.2672,0.267,0.2666,0.269,0.2713,7.509836447436825,7.923623651459722,7.686812761902004,7.543199655329517,7.434560607855393,2.533589859631576,6.434136992612864,2.870037489456515,0.41138328159616605,0.7279227417413014,2.8691387218383992
Rajshahi,adult,0.0001649336837979097,0.0001979930909327845,0.00017749610014679892,0.0002117230445345864,0.00013371029027365732,0.0014214322332404678,0.001536926181031411,0.0015326836510672253,0.0015023125893091187,0.001589087483834563,3.166561231286713,3.421178090985015,3.415676951256805,3.345039346282387,3.538852341142128,0.112,0.1068,0.1071,0.1066,0.1087,0.0705,0.0748,0.0753,0.0735,0.0782,0.6376607599447361,0.6669182364427726,0.6507262105370021,0.6746263155011711,0.6672375602577536,2.2716631437525328,17.087502111271974,4.052859900184194,2.0870122613100555,3.7635246669910827,4.063220544722548
Rajshahi,child,0.0011287414764963141,0.0010264268911074532,0.0009371880087617654,0.0009296387145648218,0.001019058871758174,0.0006992588812201647,0.0007553990224144888,0.0006935205641734279,0.0007149671812348775,0.0006827641109461037,18.151460990078807,19.59832058449217,18.007380840228862,18.566380562005552,17.71626173222016,0.2033,0.2021,0.2016,0.2025,0.2051,0.1638,0.1659,0.1645,0.164,0.1654,3.4294893178751256,3.6823145163348543,3.388037040893113,3.725465915650052,3.716380652758288,4.608435598897319,8.026524448123922,3.9797500219242163,0.6742610438197153,0.5487375686486929,3.995228522440191
Rangpur,adult,0.031158018613648517,0.032566018482233755,0.031915614821245525,0.029817522035790307,0.03073582110663392,0.0008271198807595723,0.0007629813083133767,0.0008061819977732243,0.0007774447252250336,0.0007841845490909671,1.8416451916526837,1.6995631595017873,1.7959976937654063,1.7301273158524435,1.7470548109569615,0.0999,0.0946,0.0974,0.0955,0.098,0.0441,0.0407,0.0429,0.0393,0.0432,0.36440868465034437,0.3478952383429755,0.3538822560112882,0.3401585133092467,0.3474070379429304,2.5812274519992955,3.3950235954879915,3.187865240000351,2.1575161214315877,4.702345877507732,3.1888341326842444
Rangpur,child,0.17757652796493445,0.1904425834924503,0.16889171419089846,0.17229107507340052,0.17494536119715823,0.0003707102079610144,0.0003568908515618163,0.0003714583647148815,0.0003758155642385061,0.00034644232748241627,9.618298369322842,9.260855831893734,9.637487069893156,9.754677821467153,8.997700485340891,0.2992,0.3013,0.294,0.3015,0.2994,0.2091,0.2168,0.204,0.2138,0.2138,2.0008832513551402,1.919002827766512,1.9559682450928717,1.982796553668769,1.9126489332497048,1.9761148122615224,4.672189411274722,3.3306584350571224,1.0128916568420918,2.372090400872043,3.3586798780751317
Sylhet,adult,0.3721815870815316,0.3778054489097958,0.3593807229322896,0.3881439019809718,0.37049475341983507,0.0029642743121581928,0.0028019552517365488,0.002908539293339993,0.0029294093249539947,0.002851451425748409,6.605225154256889,6.251988132362937,6.470377278177748,6.531010696589311,6.351353426484257,0.3283,0.3283,0.3262,0.3356,0.3254,0.2057,0.2024,0.2023,0.2091,0.2073,1.475141197996738,1.4256686180135105,1.4592046795024551,1.5062005976052468,1.4635959359880168,1.9823991840308754,2.817017656918941,2.1910741887633,1.2266519659744364,1.460686914757544,2.231233225616438
Sylhet,child,2.0396904053812133,1.983546577716284,1.9508304625822488,1.9085849468226863,1.9376985933077324,0.0013795314358671918,0.0013900735875626007,0.0014240652768201356,0.0014021785280694953,0.0013496313676285368,35.79471212538429,36.1179813949792,36.983888195756336,36.381371157205024,35.01111749650897,0.5995,0.6024,0.5984,0.5927,0.594,0.5035,0.4981,0.4955,0.4932,0.4941,8.206326507091864,8.174857937731803,8.249472794565877,8.153778616360247,7.976315643958911,1.2842429332660794,2.551723333520792,2.0241080481229075,0.6698819150908559,0.8327712627152546,1.9858785348486356
