run_id,district,population,N,replicate,metric,mean,sd,min,max,P5,P25,P50,P75,P90,P95,P99,P_gt_1,P_gt_1_mc_se,P_gt_1_wilson_lo,P_gt_1_wilson_hi,P_gt_2,P_gt_2_mc_se,P_gt_2_wilson_lo,P_gt_2_wilson_hi,P_gt_0.0001,P_gt_0.0001_mc_se,P_gt_0.0001_wilson_lo,P_gt_0.0001_wilson_hi
dhaka_adult_N10000_r0,Dhaka,adult,10000,0,HI,4.18838084460402,12.734512596136845,7.247289506987108e-23,262.92182790835403,2.5993476801018828e-08,0.0012757311723910663,0.1415041543734834,2.4307774838344582,11.027417472397358,21.56542774620328,59.74099941790855,0.3346,0.004718504424073374,0.3254169722612255,0.3439100543997942,0.2684,0.004431268892766496,0.25980501887542995,0.2771728491698674,,,,
dhaka_adult_N10000_r0,Dhaka,adult,10000,0,ELCR,0.001879907050527485,0.0057195365833112854,3.2499059946624335e-26,0.11818656573683123,1.1658767923574865e-11,5.725999994762827e-07,6.350536646781247e-05,0.0010903256054847887,0.004953239270905376,0.009683054255481306,0.026798529577266854,,,,,,,,,0.4602,0.004984134428363665,0.4504484229710939,0.46998214329921184
dhaka_adult_N10000_r0,Dhaka,adult,10000,0,ELCR_ED_AT,0.001879907050527485,0.0057195365833112854,3.2499059946624335e-26,0.11818656573683123,1.1658767923574865e-11,5.725999994762827e-07,6.350536646781247e-05,0.0010903256054847887,0.004953239270905376,0.009683054255481306,0.026798529577266854,,,,,,,,,0.4602,0.004984134428363665,0.4504484229710939,0.46998214329921184
dhaka_adult_N10000_r0,Dhaka,adult,10000,0,HQ_ing,4.177571223394412,12.710081296247301,7.222013321472076e-23,262.6368127485139,2.5908373163499705e-08,0.0012724444432806285,0.14112303659513886,2.4229457899661977,11.007198379789726,21.517898345514016,59.5522879494819,,,,,,,,,,,,
dhaka_adult_N10000_r0,Dhaka,adult,10000,0,HQ_dermal,0.010809621209608598,0.029871645358381962,2.527618551503246e-25,0.534820346478352,8.109315074722e-11,3.616085093435691e-06,0.0003840321185991574,0.006833642380907126,0.030517243396897566,0.058341781947862326,0.14298162707365816,,,,,,,,,,,,
dhaka_child_N10000_r0,Dhaka,child,10000,0,HI,23.416430586041272,72.30160297268648,2.111298667629644e-31,1438.559136580466,2.2759320676926616e-07,0.00614916425731896,0.716181580230105,12.506478363043538,60.80425607377486,121.10349937038607,345.0210438352252,0.4765,0.004994474446826213,0.46672190942264324,0.48629613850077835,0.4223,0.004939258142676894,0.4126508814935835,0.43200879185321955,,,,
dhaka_child_N10000_r0,Dhaka,child,10000,0,ELCR,0.0009021931391239963,0.0027862390680648682,8.128834958496958e-36,0.05545921331055552,8.766386181003412e-12,2.3675603850996652e-07,2.757311346536606e-05,0.00048163579836331004,0.0023410469105106797,0.00466789137943052,0.013298623657630971,,,,,,,,,0.3985,0.004895893687571249,0.3889449639224708,0.40813298774677653
dhaka_child_N10000_r0,Dhaka,child,10000,0,ELCR_ED_AT,0.01052558662311329,0.032506122460756785,9.483640784913117e-35,0.6470241552898143,1.0227450544503979e-10,2.762153782616276e-06,0.000321686323762604,0.005619084314238617,0.027312213955957933,0.054458732760022735,0.15515060933902802,,,,,,,,,0.5751,0.0049432781633244145,0.5653843320209166,0.5847579914238077
dhaka_child_N10000_r0,Dhaka,child,10000,0,HQ_ing,23.390192495807312,72.23582769057064,2.107475729980693e-31,1437.8314561995874,2.272766787667551e-07,0.0061381195169250575,0.7148584972502311,12.486854031641373,60.69380879101763,121.01940613338387,344.7791318645068,,,,,,,,,,,,
dhaka_child_N10000_r0,Dhaka,child,10000,0,HQ_dermal,0.02623809023396001,0.07767110621369246,3.822937648951003e-34,1.4600453893622147,2.909342389078329e-10,7.177132394620641e-06,0.000873990108688555,0.01550840189696551,0.07017679929027693,0.13841797551278542,0.38029020379366846,,,,,,,,,,,,
chittagong_adult_N10000_r0,Chittagong,adult,10000,0,HI,1.8246615078488448,9.253398671308195,0.00012772893323025338,371.8227412485598,0.0074328557209842674,0.05722170192399702,0.2297410929617673,0.8908598170778858,3.1669248836029147,6.663347732213144,29.001919139764297,0.2321,0.0042217246475818385,0.2239293941459369,0.24047635218107158,0.1425,0.0034956222622016813,0.1357859257888288,0.1494886330462049,,,,
chittagong_adult_N10000_r0,Chittagong,adult,10000,0,ELCR,0.0008189634726958632,0.004154910887952664,5.731210673781413e-08,0.1670288360827114,3.331461911510222e-06,2.5607582221230375e-05,0.00010310469180123477,0.0003992891178762863,0.0014228007205658335,0.0029942951442597484,0.01301610605108115,,,,,,,,,0.5062,0.004999615585222528,0.49640043403067696,0.5159948043895265
chittagong_adult_N10000_r0,Chittagong,adult,10000,0,ELCR_ED_AT,0.0008189634726958632,0.004154910887952664,5.731210673781413e-08,0.1670288360827114,3.331461911510222e-06,2.5607582221230375e-05,0.00010310469180123477,0.0003992891178762863,0.0014228007205658335,0.0029942951442597484,0.01301610605108115,,,,,,,,,0.5062,0.004999615585222528,0.49640043403067696,0.5159948043895265
chittagong_adult_N10000_r0,Chittagong,adult,10000,0,HQ_ing,1.8199188282130294,9.233135306561476,0.00012736023719514252,371.17519129491427,0.007403248692244939,0.05690573826940084,0.22912153733607726,0.8873091508361919,3.161779379035186,6.653989209466108,28.924680113513666,,,,,,,,,,,,
chittagong_adult_N10000_r0,Chittagong,adult,10000,0,HQ_dermal,0.004742679635815511,0.023040286688988904,2.3579497494598346e-07,0.8114177426909376,2.280736712792487e-05,0.000166493500670553,0.000637389299662138,0.0024470484074286284,0.00842334890178076,0.018024586716437974,0.06989633984013059,,,,,,,,,,,,
chittagong_child_N10000_r0,Chittagong,child,10000,0,HI,9.275554206496189,51.41842786142946,0.00010010449917273279,3132.035475622835,0.038856749099582456,0.2877745047896879,1.2069904573186454,4.623781853025433,16.669758134279736,34.71327299304937,138.24184436938273,0.5375,0.004985917668794783,0.5277152468270233,0.5472559532951758,0.4034,0.00490579697908505,0.3938236835670919,0.4130505049181226,,,,
chittagong_child_N10000_r0,Chittagong,child,10000,0,ELCR,0.0003573736161228779,0.0019816707863663835,3.856503077782483e-09,0.12073051590976383,1.495644293134311e-06,1.1082591425944575e-05,4.649490515539777e-05,0.00017820731916257,0.0006426554360193114,0.001337579464120522,0.005325633817365514,,,,,,,,,0.3526,0.004777794888858248,0.3432939224727348,0.36201928024694063
chittagong_child_N10000_r0,Chittagong,child,10000,0,ELCR_ED_AT,0.004169358854766909,0.02311949250760781,4.4992535907462295e-08,1.408522685613911,1.74491834199003e-05,0.00012929689996935334,0.0005424405601463074,0.002079085390229984,0.0074976467535586315,0.015605093748072759,0.06213239453593099,,,,,,,,,0.7859,0.004101965260701265,0.7777513047665756,0.7938291249650715
chittagong_child_N10000_r0,Chittagong,child,10000,0,HQ_ing,9.26524189948202,51.37665001690624,9.9983413127694e-05,3130.0504124753584,0.038775963155334,0.2873264443763408,1.2054234669917943,4.6201897560666305,16.661437230130293,34.67798610682836,138.07198785762444,,,,,,,,,,,,
chittagong_child_N10000_r0,Chittagong,child,10000,0,HQ_dermal,0.010312307014168793,0.047072940439190324,1.2108604503878715e-07,1.9850631474763227,5.0376656530473426e-05,0.0003602860641976918,0.0014567343197214233,0.005611836326529951,0.0187446769902914,0.0407774726718114,0.1621717844134449,,,,,,,,,,,,
rajshahi_adult_N10000_r0,Rajshahi,adult,10000,0,HI,0.6376607599447361,2.8127048822970244,6.544791377906508e-54,58.46396655229022,9.182183342870219e-19,8.525435739699515e-09,0.0001649336837979097,0.06698111654359265,1.2087454109481133,3.166561231286713,12.317299582174181,0.112,0.003153664535108324,0.1059673135711643,0.11833066916448072,0.0705,0.002559877926776978,0.06564591163523723,0.07568394296517394,,,,
rajshahi_adult_N10000_r0,Rajshahi,adult,10000,0,ELCR,0.00028623100639501843,0.0012633748177200046,2.9394018702667667e-57,0.02628449073774769,4.0955229780429186e-22,3.825174951814971e-12,7.400213841672118e-08,3.001232170445263e-05,0.0005421715976397812,0.0014214322332404678,0.0055318041607281,,,,,,,,,0.1919,0.003937948577622618,0.1843006476661095,0.19973597212990138
rajshahi_adult_N10000_r0,Rajshahi,adult,10000,0,ELCR_ED_AT,0.00028623100639501843,0.0012633748177200046,2.9394018702667667e-57,0.02628449073774769,4.0955229780429186e-22,3.825174951814971e-12,7.400213841672118e-08,3.001232170445263e-05,0.0005421715976397812,0.0014214322332404678,0.0055318041607281,,,,,,,,,0.1919,0.003937948577622618,0.1843006476661095,0.19973597212990138
rajshahi_adult_N10000_r0,Rajshahi,adult,10000,0,HQ_ing,0.6360689031000409,2.807499594933344,6.532004156148371e-54,58.409979417217095,9.101162173428707e-19,8.500388781811048e-09,0.00016444919648160263,0.06669404823211696,1.2048257725328473,3.1587382960899286,12.292898134951331,,,,,,,,,,,,
rajshahi_adult_N10000_r0,Rajshahi,adult,10000,0,HQ_dermal,0.0015918568446951584,0.006278930312618055,1.2787221758136607e-56,0.12943197825875566,2.8323886948746296e-21,2.4702786640623088e-11,4.929170768802992e-07,0.00020328801845558516,0.0032696859123935206,0.008815828868758,0.03152420244889876,,,,,,,,,,,,
rajshahi_child_N10000_r0,Rajshahi,child,10000,0,HI,3.4294893178751256,14.297580589125987,1.0424198308576735e-70,305.0335685317698,2.4836236266489857e-18,4.833431518611067e-08,0.0011287414764963141,0.38388113159053466,6.771574999398268,18.151460990078807,67.93310805488755,0.2033,0.0040245386070952285,0.19552667329251444,0.21130119134064507,0.1638,0.0037009398806249205,0.1566756352355957,0.17118256526884723,,,,
rajshahi_child_N10000_r0,Rajshahi,child,10000,0,ELCR,0.00013212945799762662,0.000550952853281043,4.0132864585732385e-75,0.011757661909038535,9.564220105313804e-23,1.8612112087596547e-12,4.35195955796614e-08,1.4775211479642554e-05,0.0002608037043780969,0.0006992588812201647,0.0026169829595346157,,,,,,,,,0.1503,0.003573652333397864,0.1434301119298219,0.15743845653062927
rajshahi_child_N10000_r0,Rajshahi,child,10000,0,ELCR_ED_AT,0.0015415103433056437,0.006427783288278834,4.6821675350021126e-74,0.13717272227211624,1.115825678953277e-21,2.171413076886264e-11,5.077286150960497e-07,0.00017237746726249647,0.00304270988441113,0.00815802028090192,0.03053146786123717,,,,,,,,,0.2759,0.004469666542372037,0.2672269280081461,0.28474518006159105
rajshahi_child_N10000_r0,Rajshahi,child,10000,0,HQ_ing,3.425578540679209,14.283962862841856,1.040481674444914e-70,304.8282717158139,2.4796126198961713e-18,4.825362393080587e-08,0.001128285811324555,0.38306103836110333,6.761577520913623,18.128933957559823,67.84770635830483,,,,,,,,,,,,
rajshahi_child_N10000_r0,Rajshahi,child,10000,0,HQ_dermal,0.003910777195916986,0.01566915645080073,1.9381564127594388e-73,0.31688329472388055,2.8209939087109293e-21,5.8725005762814e-11,1.3276705661494223e-06,0.00045950780730548137,0.007876406783846953,0.021208665994715294,0.0738519654260074,,,,,,,,,,,,
khulna_adult_N10000_r0,Khulna,adult,10000,0,HI,2.8746407654731154,8.277607349505146,1.575164235546632e-29,198.16688306156416,9.565222531889187e-09,0.0006924647957945124,0.09068619843076534,1.6580289039895706,8.160816496635562,15.677957877719315,41.60437717167641,0.3004,0.004584319360603054,0.29149294356621996,0.3094603485833541,0.231,0.004214724190264411,0.22284352821985004,0.23936306290357395,,,,
khulna_adult_N10000_r0,Khulna,adult,10000,0,ELCR,0.001290085537339436,0.0037166890642871243,7.053392179893675e-33,0.08905815216906789,4.2975232845526395e-12,3.1093349325175535e-07,4.0634670418253353e-05,0.0007435797471700528,0.0036616519147403925,0.0070309187772677135,0.018684504784634088,,,,,,,,,0.4336,0.004955714277478071,0.42391430758867227,0.4433366873949534
khulna_adult_N10000_r0,Khulna,adult,10000,0,ELCR_ED_AT,0.001290085537339436,0.0037166890642871243,7.053392179893675e-33,0.08905815216906789,4.2975232845526395e-12,3.1093349325175535e-07,4.0634670418253353e-05,0.0007435797471700528,0.0036616519147403925,0.0070309187772677135,0.018684504784634088,,,,,,,,,0.4336,0.004955714277478071,0.42391430758867227,0.4433366873949534
khulna_adult_N10000_r0,Khulna,adult,10000,0,HQ_ing,2.866856749643192,8.259309031749165,1.567420484420817e-29,197.9070048201509,9.550051743450311e-09,0.0006909633183372343,0.09029926759611857,1.652399438155673,8.13700425497865,15.62426394948381,41.52112174363131,,,,,,,,,,,,
khulna_adult_N10000_r0,Khulna,adult,10000,0,HQ_dermal,0.0077840158299237,0.02215462363440733,7.743751125815071e-32,0.5934689547630971,3.0371853245968764e-11,2.1047327819058274e-06,0.0002554415007426505,0.004813159514059045,0.02198138717411508,0.041315706268795195,0.11001922488796274,,,,,,,,,,,,
khulna_child_N10000_r0,Khulna,child,10000,0,HI,16.737978912477775,59.081554947900905,1.9798554205365504e-30,2005.3976499423713,3.9636023099457804e-08,0.003473408210070356,0.5218644187898233,9.218212801239174,42.33616443780075,84.31390482173417,240.6831799893197,0.4488,0.004973716517856642,0.43907320748865514,0.45856611394450203,0.3921,0.004882187931655233,0.38257426859196686,0.401708598256425,,,,
khulna_child_N10000_r0,Khulna,child,10000,0,ELCR,0.0006448766416785442,0.002277075991788357,7.626631811533989e-35,0.07731919038735577,1.5259755388187674e-12,1.3387528875585974e-07,2.0092481992359856e-05,0.00035533631149952907,0.001630609642421554,0.0032462982878284936,0.009276338811998162,,,,,,,,,0.3672,0.004820416579508456,0.35780482860080204,0.37669716136644965
khulna_child_N10000_r0,Khulna,child,10000,0,ELCR_ED_AT,0.007523560819583016,0.026565886570864165,8.897737113456323e-34,0.9020572211858172,1.7803047952885616e-11,1.5618783688183635e-06,0.00023441228991086499,0.004145590300827839,0.019023779161584795,0.03787348002466576,0.10822395280664521,,,,,,,,,0.5586,0.0049655416622962694,0.5488470576243465,0.5683079377666103
khulna_child_N10000_r0,Khulna,child,10000,0,HQ_ing,16.719024043517816,59.03530349080927,1.977274914101405e-30,2004.5716026351495,3.956232878419026e-08,0.003470840819596364,0.5209161998019223,9.212422890728533,42.27506480352177,84.16328894370169,240.49767290365605,,,,,,,,,,,,
khulna_child_N10000_r0,Khulna,child,10000,0,HQ_dermal,0.018954868959958498,0.05834495978782631,2.5805064351454578e-33,1.4346607297198315,5.004961703044624e-11,4.183249412043372e-06,0.0006371068572392453,0.010912531465721728,0.05024086935126139,0.0990968287631787,0.26489307295677783,,,,,,,,,,,,
barisal_adult_N10000_r0,Barisal,adult,10000,0,HI,6.397414613738818,17.942642595510527,5.38621780487229e-25,487.47996459844137,5.199021665998549e-07,0.0066667334672339176,0.3796546091912346,4.477690801930034,17.886377146409462,32.05888754831625,86.95138542283391,0.412,0.004921950832749145,0.40238873865945135,0.4216788450537876,0.3379,0.004729942811493602,0.3286932996680645,0.3472311926037087,,,,
barisal_adult_N10000_r0,Barisal,adult,10000,0,ELCR,0.0028712668162282824,0.008058074446876923,2.4152029096675354e-28,0.21913067879185652,2.330977588854554e-10,2.9926406592640923e-06,0.00017022624308295962,0.002005254363051965,0.008028412649805493,0.014395427689211133,0.039036051838623305,,,,,,,,,0.5472,0.004977671744902429,0.5374276744257525,0.5569360761280557
barisal_adult_N10000_r0,Barisal,adult,10000,0,ELCR_ED_AT,0.0028712668162282824,0.008058074446876923,2.4152029096675354e-28,0.21913067879185652,2.330977588854554e-10,2.9926406592640923e-06,0.00017022624308295962,0.002005254363051965,0.008028412649805493,0.014395427689211133,0.039036051838623305,,,,,,,,,0.5472,0.004977671744902429,0.5374276744257525,0.5569360761280557
barisal_adult_N10000_r0,Barisal,adult,10000,0,HQ_ing,6.380592924951738,17.906832104170938,5.367117577038968e-25,486.95706398190345,5.179950197454564e-07,0.006650312576142427,0.37828054018435475,4.456120806782145,17.840916999567764,31.98983930935808,86.74678186360735,,,,,,,,,,,,
barisal_adult_N10000_r0,Barisal,adult,10000,0,HQ_dermal,0.016821688787078865,0.04259918239814886,1.910022783332245e-27,0.7207933707329129,1.563447491263055e-09,1.8747323079559466e-05,0.0011188341555895438,0.012374402376033449,0.04987823595178417,0.08585383074898677,0.2036768001534544,,,,,,,,,,,,
barisal_child_N10000_r0,Barisal,child,10000,0,HI,36.38645035332002,117.87075502956745,2.645212477647133e-19,4276.828717338567,3.262836949460979e-06,0.03681191236813663,1.9047624480885996,22.187608691910498,94.19838275361427,175.12496142356832,525.122865849476,0.5582,0.004966012082143981,0.5484462897512049,0.5679090128384484,0.4953,0.004999779095120103,0.4855042993239887,0.5050993102606957,,,,
barisal_child_N10000_r0,Barisal,child,10000,0,ELCR,0.0014019287658006828,0.004542610833882439,1.0186474367025094e-23,0.16490319609272508,1.2559148401413748e-10,1.4175881405651471e-06,7.339935300749485e-05,0.0008532274226568386,0.0036275513175051456,0.006745823888859346,0.02023386326911105,,,,,,,,,0.4737,0.004993078309019397,0.4639257194205936,0.4834944788937039
barisal_child_N10000_r0,Barisal,child,10000,0,ELCR_ED_AT,0.016355835601007968,0.052997126395295115,1.188422009486261e-22,1.9238706210817926,1.465233980164937e-09,1.6538528306593385e-05,0.0008563257850874401,0.00995431993099645,0.04232143203756003,0.07870127870335905,0.23606173813962888,,,,,,,,,0.6614,0.004732335998214835,0.6520643884420612,0.6706116568838845
barisal_child_N10000_r0,Barisal,child,10000,0,HQ_ing,36.346301335573266,117.77139198954471,2.6409377988583576e-19,4275.268046848429,3.256075511477638e-06,0.036752285125763076,1.9029461890832005,22.12071095776989,94.04762675013342,174.891730451909,524.5816403102865,,,,,,,,,,,,
barisal_child_N10000_r0,Barisal,child,10000,0,HQ_dermal,0.04014901774675976,0.1192641489321459,2.483622543585758e-22,3.816409245263825,4.088832485563908e-09,4.6859168719297105e-05,0.0023809697471856243,0.027897419576836443,0.10976062853366084,0.20754530031223511,0.5301231909027981,,,,,,,,,,,,
sylhet_adult_N10000_r0,Sylhet,adult,10000,0,HI,1.475141197996738,3.0324123363744144,1.1676970223694296e-12,59.30128280122958,0.0004131453147073077,0.04894257910738775,0.3721815870815316,1.541918290088186,4.043944281353596,6.605225154256889,14.862363676713553,0.3283,0.004695946230526921,0.31916357814539736,0.33756828689509283,0.2057,0.004042122091179335,0.19789131209886535,0.21373470934211486,,,,
sylhet_adult_N10000_r0,Sylhet,adult,10000,0,ELCR,0.0006621022285943269,0.0013619375060100014,5.237518465949513e-16,0.026646273479305527,1.8524409725174856e-07,2.197258728233546e-05,0.000166854091460525,0.0006923189577146032,0.001814439110720772,0.0029642743121581928,0.006682754085631064,,,,,,,,,0.5747,0.004943884201718321,0.5649832984961838,0.5843593321472371
sylhet_adult_N10000_r0,Sylhet,adult,10000,0,ELCR_ED_AT,0.0006621022285943269,0.0013619375060100014,5.237518465949513e-16,0.026646273479305527,1.8524409725174856e-07,2.197258728233546e-05,0.000166854091460525,0.0006923189577146032,0.001814439110720772,0.0029642743121581928,0.006682754085631064,,,,,,,,,0.5747,0.004943884201718321,0.5649832984961838,0.5843593321472371
sylhet_adult_N10000_r0,Sylhet,adult,10000,0,HQ_ing,1.4713382857651711,3.0265277911333364,1.1638929924332253e-12,59.2139410651234,0.00041165354944833015,0.04882797173852325,0.37078686991227783,1.5384865726991184,4.032086912712827,6.587276249240428,14.850564634735697,,,,,,,,,,,,
sylhet_adult_N10000_r0,Sylhet,adult,10000,0,HQ_dermal,0.003802912231566895,0.00717479175252748,3.80402993620427e-15,0.10166274725325483,1.2928147043875895e-06,0.00014350125966470468,0.0010535880106690202,0.004222007600500315,0.01058486564504147,0.016873340503800176,0.03465636321263432,,,,,,,,,,,,
sylhet_child_N10000_r0,Sylhet,child,10000,0,HI,8.206326507091864,18.40423075972839,2.0361564916307052e-10,427.1978817820167,0.003068569737314318,0.24805844620221526,2.0396904053812133,8.679345039184456,22.054705949389515,35.79471212538429,81.3076406914143,0.5995,0.0048999974489789275,0.5898597417228244,0.609063842601411,0.5035,0.004999877498499338,0.49370095778135265,0.5132963542300524,,,,
sylhet_child_N10000_r0,Sylhet,child,10000,0,ELCR,0.00031616824356665564,0.0007093308300779869,7.850607131165727e-15,0.01647235204858331,1.1810892079007856e-07,9.557861353100096e-06,7.856824131230396e-05,0.0003341649736792253,0.0008497810129378623,0.0013795314358671918,0.0031326711211858973,,,,,,,,,0.4612,0.004984922868009093,0.45144649455126906,0.47098330372229535
sylhet_child_N10000_r0,Sylhet,child,10000,0,ELCR_ED_AT,0.0036886295082776484,0.008275526350909848,9.159041653026681e-14,0.1921774405668053,1.3779374092175831e-06,0.00011150838245283446,0.0009166294819768794,0.0038985913595909628,0.009914111817608394,0.016094533418450574,0.0365478297471688,,,,,,,,,0.7595,0.004273871196000179,0.751024734473796,0.7677759703718227
sylhet_child_N10000_r0,Sylhet,child,10000,0,HQ_ing,8.196954462839221,18.39005855757744,2.035342589561485e-10,427.06097903734513,0.0030620831315946295,0.24779640545074327,2.0369544043930654,8.663536354646585,22.03135959468532,35.765629818779054,81.21739943815288,,,,,,,,,,,,
sylhet_child_N10000_r0,Sylhet,child,10000,0,HQ_dermal,0.009372044252643852,0.018153599352061355,8.139020692202636e-14,0.3181292806046101,3.4691004281222974e-06,0.00030877793246828584,0.0025169197097023852,0.010384675135565524,0.025673138065509787,0.041053350443463324,0.08562922593095704,,,,,,,,,,,,
rangpur_adult_N10000_r0,Rangpur,adult,10000,0,HI,0.36440868465034437,0.976854820208049,4.507361754965191e-21,22.051573386747762,3.5866771451741054e-07,0.0010179117234610444,0.031158018613648517,0.273221656017547,0.9985039414068193,1.8416451916526837,4.626896122452721,0.0999,0.002998666203497815,0.09417548036599387,0.10593179513022154,0.0441,0.002053172910399901,0.04024788569805465,0.04830224401632825,,,,
rangpur_adult_N10000_r0,Rangpur,adult,10000,0,ELCR,0.00016355669516492788,0.00043874250359484074,2.025494048017202e-24,0.009914914804643408,1.6069411755926189e-10,4.559259568205016e-07,1.3957701241896485e-05,0.00012251175904273303,0.00044776703317857773,0.0008271198807595723,0.002075752650671619,,,,,,,,,0.2756,0.004468161143020694,0.26692999189428046,0.2844423465744791
rangpur_adult_N10000_r0,Rangpur,adult,10000,0,ELCR_ED_AT,0.00016355669516492788,0.00043874250359484074,2.025494048017202e-24,0.009914914804643408,1.6069411755926189e-10,4.559259568205016e-07,1.3957701241896485e-05,0.00012251175904273303,0.00044776703317857773,0.0008271198807595723,0.002075752650671619,,,,,,,,,0.2756,0.004468161143020694,0.26692999189428046,0.2844423465744791
rangpur_adult_N10000_r0,Rangpur,adult,10000,0,HQ_ing,0.36345932258872865,0.9749833413218684,4.501097884482672e-21,22.033144010318683,3.5709803902058197e-07,0.001013168792934448,0.03101711387088108,0.2722483534282957,0.9950378515079505,1.8380441794657163,4.612783668159154,,,,,,,,,,,,
rangpur_adult_N10000_r0,Rangpur,adult,10000,0,HQ_dermal,0.0009493620616156957,0.002297464166260602,6.26387048251861e-24,0.03398782932947805,9.968545628285267e-10,2.7674727419398613e-06,8.668511493239078e-05,0.0007779877167400225,0.002793465830715986,0.004852256429106508,0.01082081563289086,,,,,,,,,,,,
rangpur_child_N10000_r0,Rangpur,child,10000,0,HI,2.0008832513551402,6.459839682209012,6.46569590734124e-18,356.2056210532799,2.3501294311925093e-06,0.005459220442693967,0.17757652796493445,1.448952371702641,5.306045023525859,9.618298369322842,25.189035414301294,0.2992,0.0045790758893034305,0.29030367508369176,0.3082505386619719,0.2091,0.004066659439884289,0.2012419466891476,0.21718146356291204,,,,
rangpur_child_N10000_r0,Rangpur,child,10000,0,ELCR,7.709347522849378e-05,0.00024899405058574343,2.4900227668083145e-22,0.01373392641295591,9.045097286038646e-11,2.102214843003118e-07,6.836896389602508e-06,5.580859895689131e-05,0.0002043900245614772,0.0003707102079610144,0.0009708299282169113,,,,,,,,,0.1799,0.0038410413952468673,0.17249505705475324,0.1875507787021539
rangpur_child_N10000_r0,Rangpur,child,10000,0,ELCR_ED_AT,0.0008994238776657607,0.002904930590167007,2.9050265612763667e-21,0.1602291414844856,1.0552613500378422e-09,2.4525839835036374e-06,7.976379121202927e-05,0.0006511003211637319,0.0023845502865505667,0.004324952426211836,0.011326349162530634,,,,,,,,,0.4758,0.004994140166234825,0.4660228330217912,0.48559575249934944
rangpur_child_N10000_r0,Rangpur,child,10000,0,HQ_ing,1.9987197281461355,6.4554013114822375,6.455614580614149e-18,356.0647588544125,2.3450252223063157e-06,0.005450186630008083,0.17725286936006504,1.4468896025860711,5.299000636779038,9.611005391581857,25.169664805623633,,,,,,,,,,,,
rangpur_child_N10000_r0,Rangpur,child,10000,0,HQ_dermal,0.002163523209005059,0.005438391099744856,1.008132672709098e-20,0.1408621988674242,3.0350958981270666e-09,6.5343955826028985e-06,0.0002178081924527554,0.0017579997944782099,0.006143955172181586,0.011221933379980455,0.024838247112545776,,,,,,,,,,,,
mymensingh_adult_N10000_r0,Mymensingh,adult,10000,0,HI,1.3685291260792942,5.127894046949749,3.257846074317568e-36,148.98732747854672,1.295496377588754e-11,1.9855728818375485e-05,0.011402953340628852,0.4915742754567673,3.201717314281354,7.1913073392366975,22.444457722147437,0.1911,0.003931676360027616,0.1835132396553607,0.19892399453804327,0.1381,0.003450049130084961,0.13147686725053268,0.14500107077016303,,,,
mymensingh_adult_N10000_r0,Mymensingh,adult,10000,0,ELCR,0.0006142394666090228,0.0023031716367495803,1.4609078555554851e-39,0.06699050734237312,5.809967325750279e-15,8.908577679624707e-09,5.112700070265929e-06,0.00022056881006825974,0.001438228547718227,0.003227278622435775,0.010071170430192785,,,,,,,,,0.3047,0.004602802515859225,0.2957550882033821,0.3137949015602041
mymensingh_adult_N10000_r0,Mymensingh,adult,10000,0,ELCR_ED_AT,0.0006142394666090228,0.0023031716367495803,1.4609078555554851e-39,0.06699050734237312,5.809967325750279e-15,8.908577679624707e-09,5.112700070265929e-06,0.00022056881006825974,0.001438228547718227,0.003227278622435775,0.010071170430192785,,,,,,,,,0.3047,0.004602802515859225,0.2957550882033821,0.3137949015602041
mymensingh_adult_N10000_r0,Mymensingh,adult,10000,0,HQ_ing,1.3649765924644954,5.118159192776845,3.2464619012344114e-36,148.8677940941625,1.2911038501667288e-11,1.9796839288054906e-05,0.011361555711702068,0.4901529112627995,3.196063439373838,7.1717302720795,22.38037873376175,,,,,,,,,,,,
mymensingh_adult_N10000_r0,Mymensingh,adult,10000,0,HQ_dermal,0.003552533614799036,0.011689059715087428,1.1384173083156108e-38,0.2761196580216295,3.86149535437427e-14,5.925645817331467e-08,3.0565289867631115e-05,0.0013470902685731364,0.009293022591188043,0.019570938247058144,0.05925208369994609,,,,,,,,,,,,
mymensingh_child_N10000_r0,Mymensingh,child,10000,0,HI,7.509836447436825,31.36835547523436,6.128079302609651e-37,1540.9952968764605,4.7193183776405865e-11,0.00010120283166914223,0.0574497868003067,2.573035972713744,17.776441266426197,37.908129010013305,118.8675047955333,0.3202,0.004665532767005286,0.311126261880194,0.3294118239339012,0.2672,0.004424976384117773,0.2586178050099571,0.2759609846314298,,,,
mymensingh_child_N10000_r0,Mymensingh,child,10000,0,ELCR,0.0002893467354269326,0.0012090319201383056,2.3621081394544784e-41,0.05941819574425669,1.816439952306387e-15,3.899586502202098e-09,2.2124174377307017e-06,9.906024236308228e-05,0.0006843324724552211,0.0014608257973842992,0.004582147798051384,,,,,,,,,0.2495,0.004327236416005024,0.24111604703342016,0.2580763361502888
mymensingh_child_N10000_r0,Mymensingh,child,10000,0,ELCR_ED_AT,0.0033757119133142133,0.014105372401613565,2.7557928293635583e-40,0.6932122836829948,2.1191799443574518e-14,4.549517585902447e-08,2.5811536773524853e-05,0.0011557028275692932,0.007983878845310911,0.01704296763615016,0.05345839097726615,,,,,,,,,0.422,0.0049387852757535435,0.41235192295703094,0.43170798078879447
mymensingh_child_N10000_r0,Mymensingh,child,10000,0,HQ_ing,7.5015820295871425,31.345272003585706,6.123984065252352e-37,1540.4717415177663,4.709288765238782e-11,0.00010110039079783216,0.05735897060783301,2.568228505709541,17.741952989579804,37.87326141366702,118.79642439392477,,,,,,,,,,,,
mymensingh_child_N10000_r0,Mymensingh,child,10000,0,HQ_dermal,0.008254417849683887,0.02834535434031587,4.0952373572984915e-40,0.5495307566339029,5.3451280068935846e-14,1.256082691533417e-07,7.218541624470835e-05,0.003002149447079103,0.02146418532535928,0.043975147817833876,0.13224081662346612,,,,,,,,,,,,
comilla_adult_N10000_r0,Comilla,adult,10000,0,HI,12.097150161149953,21.56199634649027,2.13181872218994e-09,320.5750039332722,0.02207885321445356,0.7803710166637235,4.079069716707418,13.898979056670465,32.846372354746435,51.33839908331366,103.43062508623508,0.7229,0.004475662967650715,0.714043535290893,0.7315852782354594,0.6254,0.004840194624186098,0.6158669388240571,0.6348367543845771,,,,
comilla_adult_N10000_r0,Comilla,adult,10000,0,ELCR,0.005429547065132871,0.00968427916716043,9.546460532533784e-13,0.14414727431631386,9.92297071759458e-06,0.0003496181380383649,0.0018266321677436106,0.006233975592473876,0.014725076687432488,0.023033887440399255,0.046463993303449025,,,,,,,,,0.856,0.0035108973211986708,0.8489820275845624,0.8627445655755158
comilla_adult_N10000_r0,Comilla,adult,10000,0,ELCR_ED_AT,0.005429547065132871,0.00968427916716043,9.546460532533784e-13,0.14414727431631386,9.92297071759458e-06,0.0003496181380383649,0.0018266321677436106,0.006233975592473876,0.014725076687432488,0.023033887440399255,0.046463993303449025,,,,,,,,,0.856,0.0035108973211986708,0.8489820275845624,0.8627445655755158
comilla_adult_N10000_r0,Comilla,adult,10000,0,HQ_ing,12.065660144739716,21.520620371467626,2.1214356738963967e-09,320.32727625847525,0.022051046039099072,0.776929195640811,4.059182594985802,13.853279094386393,32.72239263873886,51.18641653422058,103.25331845210896,,,,,,,,,,,,
comilla_adult_N10000_r0,Comilla,adult,10000,0,HQ_dermal,0.031490016410234856,0.05175779698401478,1.0383048293543309e-11,0.6621123498990372,5.833167341326173e-05,0.0022805693643525742,0.011680663048876078,0.03852975226028794,0.08568468950064664,0.1279044177508409,0.25359617239840293,,,,,,,,,,,,
comilla_child_N10000_r0,Comilla,child,10000,0,HI,63.18176861226852,119.86748726687323,3.38916447508694e-07,2009.6075449299758,0.0805713410167761,3.4637979746904977,20.550179669594765,70.1075349186353,168.43662775878522,259.5923675834967,545.7381275529464,0.8514,0.00355693744673701,0.844293626304068,0.8582364996410204,0.801,0.003992480432012159,0.7930599474454902,0.8087088855353626,,,,
comilla_child_N10000_r0,Comilla,child,10000,0,ELCR,0.00243418736428559,0.004619468400087749,1.3064089789937626e-11,0.07746609741758068,3.1044175924159293e-06,0.00013342672229610413,0.0007919437841515012,0.0026989665733358403,0.00649019072815451,0.01000006548980059,0.021036201662652958,,,,,,,,,0.7805,0.004139079003836482,0.7722806852467337,0.7885038916673166
comilla_child_N10000_r0,Comilla,child,10000,0,ELCR_ED_AT,0.02839885258333188,0.05389379800102374,1.5241438088260563e-10,0.9037711365384413,3.621820524485251e-05,0.0015566450934545483,0.009239344148434182,0.03148794335558481,0.07571889182846928,0.11666743071434021,0.24542235273095112,,,,,,,,,0.9231,0.0026643271195557045,0.9177140205011988,0.9281610400775347
comilla_child_N10000_r0,Comilla,child,10000,0,HQ_ing,63.10856129629308,119.76399555783055,3.386986241835681e-07,2008.3803034187588,0.08048490054411668,3.4592113187878852,20.531875885409296,69.97320745685514,168.26420406326508,259.26095714297827,545.3830060687803,,,,,,,,,,,,
comilla_child_N10000_r0,Comilla,child,10000,0,HQ_dermal,0.0732073159754376,0.12689982842169392,2.1782332512591256e-10,2.2565091297191793,0.00010376899189614581,0.004291529055402918,0.0255841945326995,0.08584780938912064,0.19883031963309883,0.3086280813770747,0.6090602291037521,,,,,,,,,,,,
bogra_adult_N10000_r0,Bogra,adult,10000,0,HI,3.8282083818182007,60.42350624780289,3.183251161908255e-08,3503.420231805965,0.0004359733248942638,0.00658323591807791,0.04892305615512556,0.3652219541504606,2.2217381758281434,6.569588446862367,54.66943792179182,0.1553,0.0036219043333583505,0.1483336911233567,0.1625310373533877,0.1061,0.0030796556625700866,0.10021450654943583,0.1122880073669832,,,,
bogra_adult_N10000_r0,Bogra,adult,10000,0,ELCR,0.0017184039240132354,0.02713300021777723,1.4269770095134749e-11,1.5746119374616727,1.9475966930399387e-07,2.9505310824169967e-06,2.1949345534666996e-05,0.00016383485273021873,0.000995147909194155,0.002951429867048944,0.02453688134108804,,,,,,,,,0.3048,0.004603226694396009,0.2958542189364163,0.31389569402749584
bogra_adult_N10000_r0,Bogra,adult,10000,0,ELCR_ED_AT,0.0017184039240132354,0.02713300021777723,1.4269770095134749e-11,1.5746119374616727,1.9475966930399387e-07,2.9505310824169967e-06,2.1949345534666996e-05,0.00016383485273021873,0.000995147909194155,0.002951429867048944,0.02453688134108804,,,,,,,,,0.3048,0.004603226694396009,0.2958542189364163,0.31389569402749584
bogra_adult_N10000_r0,Bogra,adult,10000,0,HQ_ing,3.81867538669608,60.295556039504966,3.171060021141055e-08,3499.137638803717,0.0004327992651199864,0.006556735738704437,0.04877632341037111,0.3640774505115972,2.2114397982092333,6.558733037886543,54.526402980195655,,,,,,,,,,,,
bogra_adult_N10000_r0,Bogra,adult,10000,0,HQ_dermal,0.009532995122120943,0.13714651847777057,1.2191140767199679e-10,8.067854015639409,1.284778568606372e-06,1.9278528880860182e-05,0.0001399727453717568,0.0009973462843733617,0.0059287993769854015,0.017952710716208242,0.1453100344230246,,,,,,,,,,,,
bogra_child_N10000_r0,Bogra,child,10000,0,HI,16.042191862718905,217.62917707625587,4.187156109486747e-06,15865.385101280193,0.0021137753709872392,0.033948645421473744,0.2477604320451232,1.9050520722364783,11.82388988461917,33.266297294912235,233.73879999037263,0.3238,0.004679247375379934,0.31469801557764726,0.33303730544817906,0.2459,0.004306195420553972,0.23755864256595088,0.25443650540602697,,,,
bogra_child_N10000_r0,Bogra,child,10000,0,ELCR,0.0006181351744604739,0.00838934681583448,1.613985980072671e-10,0.6117873584285458,8.136480764262205e-08,1.3069410959289745e-06,9.545116495481407e-06,7.340926549133322e-05,0.00045574660386386666,0.0012824357603376153,0.00900995833219018,,,,,,,,,0.2194,0.004138401140537248,0.21139747443785403,0.22761802544776968
bogra_child_N10000_r0,Bogra,child,10000,0,ELCR_ED_AT,0.007211577035372194,0.09787571285140229,1.882983643418116e-09,7.137519181666368,9.492560891639238e-07,1.524764611917137e-05,0.0001113596924472831,0.000856441430732221,0.00531704371174511,0.014961750537272181,0.10511618054221876,,,,,,,,,0.5151,0.0049977193798771856,0.5053007307984958,0.5248876724507097
bogra_child_N10000_r0,Bogra,child,10000,0,HQ_ing,16.025726745271548,217.50158411422734,4.184408096484703e-06,15861.153737036375,0.0021094579759198305,0.03388365804260305,0.24746598321618468,1.9032031794049358,11.815652692766914,33.24833452727151,233.5915123160417,,,,,,,,,,,,
bogra_child_N10000_r0,Bogra,child,10000,0,HQ_dermal,0.01646511744735974,0.16151603669947867,2.748013002044047e-09,7.796888643039583,2.619161967842129e-06,4.220966393959779e-05,0.00030231667054607327,0.002266262640231063,0.013444899103878404,0.03679606589032142,0.2606156612337697,,,,,,,,,,,,
