DISTRICT,distribution,bootstrap_replicates_requested,bootstrap_replicates_used,bootstrap_replicates_skipped,ls_rmse_median,ls_rmse_q025,ls_rmse_q975,aicc_median,ls_mu_median,ls_mu_q025,ls_mu_q975,ls_mu_rmse_spread,mle_mu_median,ls_sigma_median,ls_sigma_q025,ls_sigma_q975,ls_sigma_rmse_spread,mle_sigma_median,ls_rmse_winner_frequency,ls_rmse_winner_count,ls_rmse_winner_admissible_frequency,ls_rmse_winner_admissible_count,aicc_winner_frequency,aicc_winner_count,ls_mu_log_median,ls_mu_log_q025,ls_mu_log_q975,ls_mu_log_rmse_spread,mle_mu_log_median,ls_sigma_log_median,ls_sigma_log_q025,ls_sigma_log_q975,ls_sigma_log_rmse_spread,mle_sigma_log_median,ls_shape_k_median,ls_shape_k_q025,ls_shape_k_q975,ls_shape_k_rmse_spread,mle_shape_k_median,ls_scale_theta_median,ls_scale_theta_q025,ls_scale_theta_q975,ls_scale_theta_rmse_spread,mle_scale_theta_median
Barisal,Normal,1000,1000,0,0.1082508932,0.08445152619,0.13010819,-1.960830857,0.02292795688,0.004290569115,0.06047114002,0.01473817885,0.06817863716,0.1037409245,0.02084346014,0.2121985856,0.05434083384,0.1951756655,0,0,0,0,0,0,,,,,,,,,,,,,,,,,,,,
Barisal,Lognormal,1000,1000,0,0.0475342772,0.03282912985,0.06382659488,-225.1180045,,,,,,,,,,,0.844,844,0.844,844,0.609,609,-5.183783319,-5.90544815,-4.445470643,0.3844043956,-5.016501152,3.367009044,2.759714143,3.855510983,0.2755421293,2.834249245,,,,,,,,,,
Barisal,Gamma,1000,1000,0,0.05600289126,0.03405649528,0.08283657666,-223.6747838,,,,,,,,,,,0.156,156,0.156,156,0.391,391,,,,,,,,,,,0.1937692465,0.1548761043,0.2420068339,0.02641065201,0.235421517,0.486195997,0.1403642806,0.8934312798,0.1938355826,0.3900959179
Bogra,Normal,1000,1000,0,0.08556812682,0.05398705022,0.1115464113,-92.53143243,0.001375678903,-0.0005352013029,0.005127782285,0.001404227189,-0.0007186701407,0.005368119703,0.001438482047,0.02645409932,0.008043685089,0.08491137388,0,0,0,0,0,0,,,,,,,,,,,,,,,,,,,,
Bogra,Lognormal,1000,1000,0,0.03926172111,0.02434441762,0.05580564053,-344.6185741,,,,,,,,,,,0.995,995,0.995,995,0.971,971,-6.773873276,-7.261583885,-6.28095392,0.2512763257,-6.632769642,2.408433149,1.5527624,3.076386005,0.3894900821,2.408899092,,,,,,,,,,
Bogra,Gamma,1000,1000,0,0.05650787763,0.03646570759,0.07567772248,-324.6156191,,,,,,,,,,,0.005,5,0.005,5,0.029,29,,,,,,,,,,,0.2629050123,0.1772362212,0.7480306613,0.149101196,0.204997506,0.02801592176,0.002272388681,0.08819992513,0.02370738416,0.082837344
Chittagong,Normal,1000,994,6,0.1090057804,0.08076850976,0.1365877104,-82.52222809,0.006000421491,0.003128666154,0.01762875272,0.003736076878,0.02545514878,0.008631837154,0.004174020463,0.03970941793,0.009937138566,0.07195715223,0,0,0,0,0,0,,,,,,,,,,,,,,,,,,,,
Chittagong,Lognormal,1000,994,6,0.05463560152,0.03925698057,0.07925737378,-224.2690512,,,,,,,,,,,0.9879275654,982,0.9879275654,982,1,994,-5.492945981,-6.055065743,-4.812033235,0.3150421381,-5.236164256,1.932461211,1.38743752,2.46910451,0.2758350472,1.825511954,,,,,,,,,,
Chittagong,Gamma,1000,994,6,0.07178269175,0.05151747604,0.09904905573,-207.0386853,,,,,,,,,,,0.01207243461,12,0.01207243461,12,0,0,,,,,,,,,,,0.4874191433,0.3067877773,0.7448634712,0.1129430328,0.361706497,0.02164472729,0.006293147806,0.1102029882,0.02797130393,0.08594492147
Comilla,Normal,1000,1000,0,0.05048691076,0.03436051605,0.07151697378,-65.31561228,0.1134076619,0.08385366063,0.1440257524,0.01544700937,0.1342649235,0.146617637,0.1188468579,0.1782441687,0.01519491217,0.1572045436,0.862,862,0,0,0,0,,,,,,,,,,,,,,,,,,,,
Comilla,Lognormal,1000,1000,0,0.09388489161,0.07406683308,0.1086925783,-100.33749,,,,,,,,,,,0,0,0,0,0,0,-2.9479247,-3.598359735,-2.096340185,0.3866110697,-3.239636531,2.506111887,0.9669140874,3.056800065,0.5671689073,2.280286602,,,,,,,,,,
Comilla,Gamma,1000,1000,0,0.06709488827,0.05296719061,0.08117373127,-144.32222,,,,,,,,,,,0.138,138,1,1000,1,1000,,,,,,,,,,,0.4106870261,0.2927387937,0.7809713772,0.1280018628,0.4673675768,0.4530713389,0.2360664297,0.6621463839,0.1058824244,0.3006079189
Dhaka,Normal,1000,1000,0,0.03181699777,0.01707731267,0.05333062674,-3.198556798,-0.01133107311,-0.06017895558,0.02568962916,0.02153481428,-0.001505193645,0.1055753557,0.07309020265,0.1590407607,0.02155066303,0.1049190229,0.871,871,0,0,0.773,773,,,,,,,,,,,,,,,,,,,,
Dhaka,Lognormal,1000,1000,0,0.06015009005,0.0344322081,0.09244412505,21.0235172,,,,,,,,,,,0.005,5,0.005,5,0,0,-5.817415031,-7.706969312,-4.328320904,0.8632015204,-6.736912231,3.575589856,2.4844362,4.789862378,0.5962350341,4.074394299,,,,,,,,,,
Dhaka,Gamma,1000,1000,0,0.04688440994,0.02406667356,0.07793101051,4.833366492,,,,,,,,,,,0.124,124,0.995,995,0.227,227,,,,,,,,,,,0.1542548034,0.08903465957,0.2753591204,0.05203577958,0.1430547003,0.3787142379,0.1874945682,0.7452496978,0.1446947278,0.2778361757
Khulna,Normal,1000,1000,0,0.04983601964,0.02542678501,0.08439317925,-26.05282376,0.0007571794689,-0.02009815844,0.01847868314,0.009830149928,0.001357170374,0.06815874979,0.0362662489,0.09904451763,0.01596703468,0.106092489,0.254,254,0,0,0.018,18,,,,,,,,,,,,,,,,,,,,
Khulna,Lognormal,1000,1000,0,0.04811750213,0.02824844752,0.07450072779,-63.42197017,,,,,,,,,,,0.065,65,0.065,65,0.004,4,-6.450481545,-7.806439217,-5.250683546,0.6358759812,-6.390305272,4.016848555,3.256396519,4.968533784,0.4516956831,3.388398054,,,,,,,,,,
Khulna,Gamma,1000,1000,0,0.03635056179,0.02193396523,0.05578025867,-79.89439363,,,,,,,,,,,0.681,681,0.935,935,0.978,978,,,,,,,,,,,0.1480431049,0.1023515269,0.2133432613,0.02811475251,0.1695415519,0.3149065112,0.1513195422,0.5703852027,0.107911152,0.2026706043
Mymensingh,Normal,1000,1000,0,0.05580529794,0.03191549681,0.07949857282,-98.84079632,-0.006458593715,-0.02198778846,0.002339224512,0.00675311315,-0.00531155684,0.04058306896,0.006054734949,0.06519329121,0.01448986252,0.05277644598,0.023,23,0,0,0,0,,,,,,,,,,,,,,,,,,,,
Mymensingh,Lognormal,1000,1000,0,0.02989022921,0.01779883089,0.045576053,-167.7653667,,,,,,,,,,,0.442,442,0.442,442,0.064,64,-7.577735641,-8.555662004,-6.800109761,0.4596905197,-7.358244794,3.822418829,3.019267833,4.60081243,0.3899995017,3.254209002,,,,,,,,,,
Mymensingh,Gamma,1000,1000,0,0.02915802722,0.01690706502,0.04556347561,-176.8293632,,,,,,,,,,,0.535,535,0.558,558,0.936,936,,,,,,,,,,,0.1252826627,0.09049907691,0.1752861787,0.02371137074,0.1456446444,0.1553443006,0.05461875567,0.2926118258,0.06227404735,0.1081716164
Rajshahi,Normal,1000,1000,0,0.02091227946,0.01182521886,0.03399103346,-19.19358074,-0.02843754287,-0.07034121981,-0.01000231955,0.01548286751,-0.0257917828,0.04183390257,0.01705933705,0.07833072467,0.01663989855,0.04437043048,0.469,469,0,0,0.335,335,,,,,,,,,,,,,,,,,,,,
Rajshahi,Lognormal,1000,1000,0,0.02716029823,0.01445275948,0.04600832922,-12.49300703,,,,,,,,,,,0.02,20,0.02,20,0,0,-9.666776728,-12.02760387,-7.772434807,1.064713657,-9.791554165,4.519117614,3.340163736,5.843728562,0.6192643361,4.25488006,,,,,,,,,,
Rajshahi,Gamma,1000,1000,0,0.01933554576,0.0106487889,0.03512666921,-23.56550028,,,,,,,,,,,0.511,511,0.98,980,0.665,665,,,,,,,,,,,0.06932733953,0.04025645328,0.114652898,0.01878967239,0.07384406238,0.1454677908,0.051084933,0.3158927542,0.06522772244,0.09824419683
Rangpur,Normal,1000,1000,0,0.03950712235,0.02341552205,0.06121828536,-115.0875945,0.0001554800408,-0.003247135059,0.002297141687,0.001369497002,-0.007536155583,0.008857785393,0.00457766156,0.01610411803,0.002980070498,0.04581699817,0.042,42,0,0,0.004,4,,,,,,,,,,,,,,,,,,,,
Rangpur,Lognormal,1000,1000,0,0.02719075023,0.01539012049,0.04531397431,-228.5431773,,,,,,,,,,,0.157,157,0.157,157,0.504,504,-7.253418193,-8.053703852,-6.561146499,0.3858958919,-7.204764047,2.663069859,2.16736938,3.338310699,0.3039468277,2.413854638,,,,,,,,,,
Rangpur,Gamma,1000,1000,0,0.01982475138,0.01226487246,0.03327431582,-227.8613004,,,,,,,,,,,0.801,801,0.843,843,0.492,492,,,,,,,,,,,0.219570151,0.1465029421,0.3064936617,0.04116863342,0.1969891044,0.02444297042,0.01159264571,0.05035820578,0.009848859692,0.04070208594
Sylhet,Normal,1000,1000,0,0.04396147178,0.02665451027,0.06489798832,-136.0420178,0.008574392231,0.0006549931394,0.01677407167,0.003958627359,0.01250359188,0.03110504258,0.01949323988,0.0471085243,0.007271156325,0.04377058238,0.087,87,0,0,0.112,112,,,,,,,,,,,,,,,,,,,,
Sylhet,Lognormal,1000,1000,0,0.03747888971,0.02459267589,0.05953650141,-129.9939067,,,,,,,,,,,0.058,58,0.058,58,0,0,-5.014190596,-5.675968554,-4.472782417,0.2959693764,-5.492192061,2.046479039,1.660035196,2.550445254,0.2237867713,2.455284597,,,,,,,,,,
Sylhet,Gamma,1000,1000,0,0.02587458088,0.01661884731,0.04170331361,-152.9634851,,,,,,,,,,,0.855,855,0.942,942,0.888,888,,,,,,,,,,,0.356066212,0.2377633358,0.5091239715,0.06852379615,0.3083626899,0.06403938257,0.03780523941,0.113819741,0.01973830889,0.07156636203
