review_type,group_key,source_line,SAMPLE_ID,SAMPLE_FIELD_ID,SAMPLE_DATE,LAT_DEG,LONG_DEG,WELL_DEPTH,WELL_TYPE,DISTRICT,THANA,UNION,As_raw,group_size,group_n_districts,group_n_depths,group_n_dates,group_n_as_values,reviewer_note,in_selected_district
repeated_coordinates,"21.4270,92.0830",264,S98_02678,RIP3453,23/05/1998,21.427,92.083,225,DTW,Cox's Bazar,Ramu,Jorihhala,< 6,2,1,2,1,2,distinct wells or visits at one location (different depth/date); retain,False
repeated_coordinates,"21.4270,92.0830",2015,S98_04434,RIP3454,23/05/1998,21.427,92.083,80,STW,Cox's Bazar,Ramu,Joarianala,< 0.5,2,1,2,1,2,distinct wells or visits at one location (different depth/date); retain,False
repeated_coordinates,"21.4420,91.9710",2031,S98_04451,RIP3473,25/05/1998,21.442,91.971,7,STW,Cox's Bazar,Cox's Bazar Sadar,Paurashava w01,< 0.5,2,1,2,1,1,distinct wells or visits at one location (different depth/date); retain,False
repeated_coordinates,"21.4420,91.9710",2032,S98_04452,RIP3474,25/05/1998,21.442,91.971,90,DTW,Cox's Bazar,Cox's Bazar Sadar,Paurashava w01,< 0.5,2,1,2,1,1,distinct wells or visits at one location (different depth/date); retain,False
repeated_coordinates,"21.6330,91.9240",2011,S98_04430,RIP3406,25/05/1998,21.633,91.924,270,DTW,Cox's Bazar,Maheshkhali,Hoanak,< 0.5,2,1,2,1,2,distinct wells or visits at one location (different depth/date); retain,False
repeated_coordinates,"21.6330,91.9240",2012,S98_04431,RIP3407,25/05/1998,21.633,91.924,15,STW,Cox's Bazar,Maheshkhali,Hoanak,5.5,2,1,2,1,2,distinct wells or visits at one location (different depth/date); retain,False
repeated_coordinates,"21.7530,92.0700",1998,S98_04417,RIP3391,23/05/1998,21.753,92.07,248,DTW,Cox's Bazar,Chakaria,Chiringa,< 0.5,2,1,2,1,2,distinct wells or visits at one location (different depth/date); retain,False
repeated_coordinates,"21.7530,92.0700",1999,S98_04418,RIP3392,23/05/1998,21.753,92.07,22,STW,Cox's Bazar,Chakaria,Chiringa,12.9,2,1,2,1,2,distinct wells or visits at one location (different depth/date); retain,False
repeated_coordinates,"22.0410,91.9420",1957,S98_04375,RIP3341,21/05/1998,22.041,91.942,258,DTW,Chittagong,Banshkhali,Bailchhari,0.8,2,1,2,1,2,distinct wells or visits at one location (different depth/date); retain,True
repeated_coordinates,"22.0410,91.9420",1958,S98_04376,RIP3342,21/05/1998,22.041,91.942,61,Tara,Chittagong,Banshkhali,Bailchhari,1,2,1,2,1,2,distinct wells or visits at one location (different depth/date); retain,True
repeated_coordinates,"22.3400,90.7360",1830,S98_04248,RIP3197,09/05/1998,22.34,90.736,46,STW,Bhola,Lalmohan,Lalmohan,239,2,1,2,1,2,distinct wells or visits at one location (different depth/date); retain,False
repeated_coordinates,"22.3400,90.7360",1831,S98_04249,RIP3198,09/05/1998,22.34,90.736,332,DTW,Bhola,Lalmohan,Lalmohan,2.3,2,1,2,1,2,distinct wells or visits at one location (different depth/date); retain,False
repeated_coordinates,"22.3430,91.8040",209,S98_02623,RIP3347,22/05/1998,22.343,91.804,184,DTW,Chittagong,Double Mooring,SMA W24,< 6,2,1,2,2,2,distinct wells or visits at one location (different depth/date); retain,True
repeated_coordinates,"22.3430,91.8040",1963,S98_04381,RIP3348,22/04/1998,22.343,91.804,49,STW,Chittagong,Double Mooring,SMA W24,3.4,2,1,2,2,2,distinct wells or visits at one location (different depth/date); retain,True
repeated_coordinates,"22.3580,90.3420",116,S98_02530,RIP1556,01/05/1998,22.358,90.342,17,HTW,Patuakhali,Patuakhali Sadar,Paurashava w03,< 6,2,1,2,1,2,distinct wells or visits at one location (different depth/date); retain,False
repeated_coordinates,"22.3580,90.3420",1152,S98_03568,RIP1599,01/05/1998,22.358,90.342,306,DTW,Patuakhali,Patuakhali Sadar,Paurashava W03,2.7,2,1,2,1,2,distinct wells or visits at one location (different depth/date); retain,False
repeated_coordinates,"22.5350,89.1200",790,S98_03205,RIP1167,29/03/1998,22.535,89.12,157,DTW,Satkhira,Assasuni,Sobhnali,< 0.5,2,1,2,1,2,distinct wells or visits at one location (different depth/date); retain,False
repeated_coordinates,"22.5350,89.1200",791,S98_03206,RIP1168,29/03/1998,22.535,89.12,13,STW,Satkhira,Assasuni,Sobhnali,86.2,2,1,2,1,2,distinct wells or visits at one location (different depth/date); retain,False
repeated_coordinates,"22.5750,89.6590",741,S98_03156,RIP1112,01/04/1998,22.575,89.659,24,STW,Bagerhat,Rampal,Rampal,148,2,1,2,1,2,distinct wells or visits at one location (different depth/date); retain,False
repeated_coordinates,"22.5750,89.6590",742,S98_03157,RIP1113,01/04/1998,22.575,89.659,276,DTW,Bagerhat,Rampal,Rampal,3.2,2,1,2,1,2,distinct wells or visits at one location (different depth/date); retain,False
repeated_coordinates,"22.6260,90.0610",118,S98_02532,RIP1573,05/05/1998,22.626,90.061,256,DTW,Pirojpur,Kawkhali,Kawkhali,< 6,2,1,2,1,2,distinct wells or visits at one location (different depth/date); retain,False
repeated_coordinates,"22.6260,90.0610",1132,S98_03547,RIP1574,05/05/1998,22.626,90.061,16,STW,Pirojpur,Kawkhali,Kawkhali,< 0.5,2,1,2,1,2,distinct wells or visits at one location (different depth/date); retain,False
repeated_coordinates,"22.6510,90.9200",194,S98_02608,RIP3182,07/05/1998,22.651,90.92,308,DTW,Lakshmipur,Ramgati,Char Alexander,< 6,2,1,2,1,2,distinct wells or visits at one location (different depth/date); retain,False
repeated_coordinates,"22.6510,90.9200",1818,S98_04236,RIP3183,07/05/1998,22.651,90.92,9,STW,Lakshmipur,Ramgati,Char Alexander,20.4,2,1,2,1,2,distinct wells or visits at one location (different depth/date); retain,False
repeated_coordinates,"22.6830,90.6480",306,S98_02720,RIP3209,11/05/1998,22.683,90.648,14,STW,Bhola,Bhola Sadar,Paurashava,163,2,1,2,1,2,distinct wells or visits at one location (different depth/date); retain,False
repeated_coordinates,"22.6830,90.6480",1841,S98_04259,RIP3210,11/05/1998,22.683,90.648,287,DTW,Bhola,Bhola Sadar,Paurashava,3.2,2,1,2,1,2,distinct wells or visits at one location (different depth/date); retain,False
repeated_coordinates,"22.6930,88.9850",761,S98_03176,RIP1134,27/03/1998,22.693,88.985,217,DTW,Satkhira,Satkhira Sadar,Ghona,1.1,2,1,2,1,2,distinct wells or visits at one location (different depth/date); retain,False
repeated_coordinates,"22.6930,88.9850",762,S98_03177,RIP1135,27/03/1998,22.693,88.985,43,STW,Satkhira,Satkhira Sadar,Ghona,136,2,1,2,1,2,distinct wells or visits at one location (different depth/date); retain,False
repeated_coordinates,"22.6980,89.9980",1242,S98_03658,RIP1705,06/05/1998,22.698,89.998,260,DTW,Pirojpur,Nazirpur,Sriramkati,0.7,2,1,2,1,2,distinct wells or visits at one location (different depth/date); retain,False
repeated_coordinates,"22.6980,89.9980",1243,S98_03659,RIP1706,06/05/1998,22.698,89.998,21,STW,Pirojpur,Nazirpur,Srirampur,66.6,2,1,2,1,2,distinct wells or visits at one location (different depth/date); retain,False
repeated_coordinates,"22.7070,89.9770",282,S98_02696,RIP1580,06/05/1998,22.707,89.977,11,STW,Pirojpur,Nazirpur,Nazirpur,270,2,1,2,1,2,distinct wells or visits at one location (different depth/date); retain,False
repeated_coordinates,"22.7070,89.9770",1238,S98_03654,RIP1701,06/05/1998,22.707,89.977,257,DTW,Pirojpur,Nazirpur,Nazirpur,0.7,2,1,2,1,2,distinct wells or visits at one location (different depth/date); retain,False
repeated_coordinates,"22.7110,89.1070",697,S98_03112,RIP1060,27/03/1998,22.711,89.107,23,STW,Satkhira,Satkhira Sadar,Dhulihar,72.9,2,1,2,1,2,distinct wells or visits at one location (different depth/date); retain,False
repeated_coordinates,"22.7110,89.1070",776,S98_03191,RIP1151,27/03/1998,22.711,89.107,44,STW,Satkhira,Satkhira Sadar,Brahma Rajpur,143,2,1,2,1,2,distinct wells or visits at one location (different depth/date); retain,False
repeated_coordinates,"22.7150,90.3520",273,S98_02687,RIP1321,26/04/1998,22.715,90.352,22,STW,Barisal,Barisal Sadar,Kashipur,279,2,1,2,1,2,distinct wells or visits at one location (different depth/date); retain,True
repeated_coordinates,"22.7150,90.3520",912,S98_03327,RIP1322,26/04/1998,22.715,90.352,292,DTW,Barisal,Barisal Sadar,Kashipur,42.8,2,1,2,1,2,distinct wells or visits at one location (different depth/date); retain,True
repeated_coordinates,"22.7430,90.0990",286,S98_02700,RIP1630,06/05/1998,22.743,90.099,268,DTW,Pirojpur,Nesarabad,Nesarabad,1.1,2,1,2,1,2,distinct wells or visits at one location (different depth/date); retain,False
repeated_coordinates,"22.7430,90.0990",1179,S98_03595,RIP1631,06/05/1998,22.743,90.099,14,STW,Pirojpur,Nesarabad,Nesarabad,21.1,2,1,2,1,2,distinct wells or visits at one location (different depth/date); retain,False
repeated_coordinates,"22.7780,89.7060",67,S98_02481,RIP1076,25/03/1998,22.778,89.706,39,STW,Bagerhat,Fakirhat,Bahirdia Mansa,121,2,1,2,1,2,distinct wells or visits at one location (different depth/date); retain,False
repeated_coordinates,"22.7780,89.7060",710,S98_03125,RIP1077,25/03/1998,22.778,89.706,276,DTW,Bagerhat,Fakirhat,Bahirdia mansa,0.8,2,1,2,1,2,distinct wells or visits at one location (different depth/date); retain,False
repeated_coordinates,"22.7820,89.2510",781,S98_03196,RIP1157,28/03/1998,22.782,89.251,182,DTW,Satkhira,Tala,Tentulia,16.6,2,1,2,1,2,distinct wells or visits at one location (different depth/date); retain,False
repeated_coordinates,"22.7820,89.2510",782,S98_03197,RIP1158,28/03/1998,22.782,89.251,48,STW,Satkhira,Tala,Tentulia,15.5,2,1,2,1,2,distinct wells or visits at one location (different depth/date); retain,False
repeated_coordinates,"22.7860,91.2520",1866,S98_04284,RIP3238,16/05/1998,22.786,91.252,9,STW,Noakhali,Companiganj (N),Char fakira,7.7,2,1,2,1,2,distinct wells or visits at one location (different depth/date); retain,False
repeated_coordinates,"22.7860,91.2520",1867,S98_04285,RIP3239,16/05/1998,22.786,91.252,279,DTW,Noakhali,Companiganj (N),Char fakira,1.6,2,1,2,1,2,distinct wells or visits at one location (different depth/date); retain,False
repeated_coordinates,"22.7970,89.5890",682,S98_03097,RIP1044,25/03/1998,22.797,89.589,308,DTW,Khulna,Rupsa,Naihati,< 0.5,2,1,2,1,2,distinct wells or visits at one location (different depth/date); retain,True
repeated_coordinates,"22.7970,89.5890",683,S98_03098,RIP1045,25/03/1998,22.797,89.589,75,STW,Khulna,Rupsa,Naihati,87.4,2,1,2,1,2,distinct wells or visits at one location (different depth/date); retain,True
repeated_coordinates,"22.8080,90.3060",153,S98_02567,RIP1949,29/04/1998,22.808,90.306,253,DTW,Barisal,Babuganj,Rahmatpur,< 6,2,1,2,1,2,distinct wells or visits at one location (different depth/date); retain,True
repeated_coordinates,"22.8080,90.3060",1445,S98_03861,RIP1950,29/04/1998,22.808,90.306,19,STW,Barisal,Babuganj,Rahmatpur,550,2,1,2,1,2,distinct wells or visits at one location (different depth/date); retain,True
repeated_coordinates,"22.8190,89.4210",66,S98_02480,RIP1068,23/03/1998,22.819,89.421,59,STW,Khulna,Dumuria,Dumuria,< 6,2,1,2,1,2,distinct wells or visits at one location (different depth/date); retain,True
repeated_coordinates,"22.8190,89.4210",703,S98_03118,RIP1069,23/03/1998,22.819,89.421,279,DTW,Khulna,Dumuria,Dumuria,2.8,2,1,2,1,2,distinct wells or visits at one location (different depth/date); retain,True
repeated_coordinates,"22.8210,90.2520",280,S98_02694,RIP1541,28/04/1998,22.821,90.252,292,DTW,Barisal,Wazirpur,Shikarpur,2,2,1,2,1,2,distinct wells or visits at one location (different depth/date); retain,True
repeated_coordinates,"22.8210,90.2520",1105,S98_03520,RIP1542,28/04/1998,22.821,90.252,17,STW,Barisal,Wazirpur,Shikarpur,59.2,2,1,2,1,2,distinct wells or visits at one location (different depth/date); retain,True
repeated_coordinates,"22.8480,91.0020",1851,S98_04269,RIP3221,13/05/1998,22.848,91.002,9,STW,Noakhali,Noakhali Sadar,Kaladaraf,84.4,2,1,2,1,2,distinct wells or visits at one location (different depth/date); retain,False
repeated_coordinates,"22.8480,91.0020",1852,S98_04270,RIP3222,13/05/1998,22.848,91.002,279,DTW,Noakhali,Noakhali Sadar,Kaladaraf,1.8,2,1,2,1,2,distinct wells or visits at one location (different depth/date); retain,False
repeated_coordinates,"22.8490,91.3930",1979,S98_04398,RIP3368,19/05/1998,22.849,91.393,255,DTW,Feni,Sonagazi,Sonagazi,1.8,2,1,2,1,2,distinct wells or visits at one location (different depth/date); retain,False
repeated_coordinates,"22.8490,91.3930",1980,S98_04399,RIP3369,19/05/1998,22.849,91.393,12,STW,Feni,Sonagazi,Sonagazi,127,2,1,2,1,2,distinct wells or visits at one location (different depth/date); retain,False
repeated_coordinates,"22.8600,89.0400",73,S98_02487,RIP1138,28/03/1998,22.86,89.04,39,STW,Satkhira,Kalaroa,Helatola,147,2,1,2,1,2,distinct wells or visits at one location (different depth/date); retain,False
repeated_coordinates,"22.8600,89.0400",765,S98_03180,RIP1139,28/03/1998,22.86,89.04,148,DTW,Satkhira,Kalaroa,Gopinathpur,187,2,1,2,1,2,distinct wells or visits at one location (different depth/date); retain,False
repeated_coordinates,"22.8620,89.5250",689,S98_03104,RIP1052,26/03/1998,22.862,89.525,344,DTW,Khulna,Khulna Metro,Ward-13,0.9,2,1,2,1,2,distinct wells or visits at one location (different depth/date); retain,True
repeated_coordinates,"22.8620,89.5250",690,S98_03105,RIP1053,26/03/1998,22.862,89.525,65,STW,Khulna,Khulna Metro,Ward-13,< 0.5,2,1,2,1,2,distinct wells or visits at one location (different depth/date); retain,True
repeated_coordinates,"22.8870,89.5350",64,S98_02478,RIP1061,23/03/1998,22.887,89.535,282,DTW,Khulna,Dighalia,Dighalia,< 6,2,1,2,1,2,distinct wells or visits at one location (different depth/date); retain,True
repeated_coordinates,"22.8870,89.5350",698,S98_03113,RIP1062,23/03/1998,22.887,89.535,55,STW,Khulna,Dighalia,Dighalia,168,2,1,2,1,2,distinct wells or visits at one location (different depth/date); retain,True
repeated_coordinates,"22.8930,90.5060",274,S98_02688,RIP1328,27/04/1998,22.893,90.506,30,DTW,Barisal,Hizla,Barajalia,1.5,2,1,2,1,2,distinct wells or visits at one location (different depth/date); retain,True
repeated_coordinates,"22.8930,90.5060",918,S98_03333,RIP1329,27/04/1998,22.893,90.506,14,STW,Barisal,Hizla,Barjalia,41.5,2,1,2,1,2,distinct wells or visits at one location (different depth/date); retain,True
repeated_coordinates,"22.9020,89.7680",735,S98_03150,RIP1105,31/03/1998,22.902,89.768,279,DTW,Bagerhat,Mollahat,Kulia,< 0.5,2,1,2,1,2,distinct wells or visits at one location (different depth/date); retain,False
repeated_coordinates,"22.9020,89.7680",736,S98_03151,RIP1106,31/03/1998,22.902,89.768,18,STW,Bagerhat,Mollahat,Kulia,317,2,1,2,1,2,distinct wells or visits at one location (different depth/date); retain,False
repeated_coordinates,"22.9120,89.3240",949,S98_03364,RIP1367,13/04/1998,22.912,89.324,203,DTW,Jessore,Keshabpur,Sufalakati,< 0.5,2,1,2,1,1,distinct wells or visits at one location (different depth/date); retain,False
repeated_coordinates,"22.9120,89.3240",950,S98_03365,RIP1368,13/04/1998,22.912,89.324,50,STW,Jessore,Keshabpur,Sufalakati,< 0.5,2,1,2,1,1,distinct wells or visits at one location (different depth/date); retain,False
repeated_coordinates,"22.9490,91.3130",1950,S98_04368,RIP3332,19/05/1998,22.949,91.313,15,STW,Feni,Daganbhuiyan,Mathu bhuiyan,103,2,1,2,1,2,distinct wells or visits at one location (different depth/date); retain,False
repeated_coordinates,"22.9490,91.3130",1951,S98_04369,RIP3333,19/05/1998,22.949,91.313,205,DTW,Feni,Daganbhuiyan,Mathu bhuiyan,1.2,2,1,2,1,2,distinct wells or visits at one location (different depth/date); retain,False
repeated_coordinates,"22.9740,91.1620",1913,S98_04331,RIP3290,13/05/1998,22.974,91.162,11,STW,Noakhali,Begumganj,Kutubpur,530,2,1,2,1,2,distinct wells or visits at one location (different depth/date); retain,False
repeated_coordinates,"22.9740,91.1620",1914,S98_04332,RIP3291,13/05/1998,22.974,91.162,269,DTW,Noakhali,Begumganj,Kutubpur,8.6,2,1,2,1,2,distinct wells or visits at one location (different depth/date); retain,False
repeated_coordinates,"23.0110,91.4040",1940,S98_04358,RIP3320,17/05/1998,23.011,91.404,213,DTW,Feni,Feni Sadar,Paurashava w01,2,2,1,2,1,2,distinct wells or visits at one location (different depth/date); retain,False
repeated_coordinates,"23.0110,91.4040",1941,S98_04359,RIP3321,17/05/1998,23.011,91.404,22,STW,Feni,Feni Sadar,Paurashava w01,114,2,1,2,1,2,distinct wells or visits at one location (different depth/date); retain,False
repeated_coordinates,"23.0370,90.7610",1881,S98_04299,RIP3254,08/05/1998,23.037,90.761,240,DTW,Lakshmipur,Raipur (L),Raipur,7.7,2,1,2,1,2,distinct wells or visits at one location (different depth/date); retain,False
repeated_coordinates,"23.0370,90.7610",1882,S98_04300,RIP3255,08/05/1998,23.037,90.761,13,STW,Lakshmipur,Raipur (L),Raipur,85.1,2,1,2,1,2,distinct wells or visits at one location (different depth/date); retain,False
repeated_coordinates,"23.0390,91.5200",200,S98_02614,RIP3246,17/05/1998,23.039,91.52,244,DTW,Feni,Chhagalnaiya,Chhagalnaiya,13,2,1,2,1,2,distinct wells or visits at one location (different depth/date); retain,False
repeated_coordinates,"23.0390,91.5200",1874,S98_04292,RIP3247,17/05/1998,23.039,91.52,26,STW,Feni,Chhagalnaiya,Chhagalnaiya,0.9,2,1,2,1,2,distinct wells or visits at one location (different depth/date); retain,False
repeated_coordinates,"23.0410,89.6350",268,S98_02682,RIP1126,05/04/1998,23.041,89.635,57,STW,Narail,Kalia,Paurashava  w01,20.9,2,1,2,1,2,distinct wells or visits at one location (different depth/date); retain,False
repeated_coordinates,"23.0410,89.6350",754,S98_03169,RIP1127,05/04/1998,23.041,89.635,251,DTW,Narail,Kalia,Paurashava  w01,13.2,2,1,2,1,2,distinct wells or visits at one location (different depth/date); retain,False
repeated_coordinates,"23.0560,88.9530",939,S98_03354,RIP1356,12/04/1998,23.056,88.953,199,DTW,Jessore,Sharsha,Sarsa,21.7,2,1,2,1,2,distinct wells or visits at one location (different depth/date); retain,False
repeated_coordinates,"23.0560,88.9530",940,S98_03355,RIP1357,12/04/1998,23.056,88.953,39,STW,Jessore,Sharsha,Sarsa,7.8,2,1,2,1,2,distinct wells or visits at one location (different depth/date); retain,False
repeated_coordinates,"23.0810,90.3020",292,S98_02706,RIP1750,11/05/1998,23.081,90.302,240,DTW,Madaripur,Kalkini,Enayetnagar,2,2,1,2,1,2,distinct wells or visits at one location (different depth/date); retain,False
repeated_coordinates,"23.0810,90.3020",1282,S98_03698,RIP1751,11/05/1998,23.081,90.302,37,STW,Madaripur,Kalkini,Enayetnagar,369,2,1,2,1,2,distinct wells or visits at one location (different depth/date); retain,False
repeated_coordinates,"23.0860,90.6440",193,S98_02607,RIP3177,05/05/1998,23.086,90.644,221,DTW,Chandpur,Haimchar,Nilkamal,6,2,1,2,1,2,distinct wells or visits at one location (different depth/date); retain,False
repeated_coordinates,"23.0860,90.6440",1815,S98_04232,RIP3178,05/05/1998,23.086,90.644,18,STW,Chandpur,Haimchar,Nilkamal,322,2,1,2,1,2,distinct wells or visits at one location (different depth/date); retain,False
repeated_coordinates,"23.0970,90.8600",190,S98_02604,RIP3146,07/05/1998,23.097,90.86,282,DTW,Lakshmipur,Ramganj,Sonapur,< 6,2,1,2,1,2,distinct wells or visits at one location (different depth/date); retain,False
repeated_coordinates,"23.0970,90.8600",1787,S98_04204,RIP3147,07/05/1998,23.097,90.86,19,STW,Lakshmipur,Ramganj,Sonapur,126,2,1,2,1,2,distinct wells or visits at one location (different depth/date); retain,False
repeated_coordinates,"23.1100,90.9820",1921,S98_04339,RIP3299,14/05/1998,23.11,90.982,13,STW,Noakhali,Chatkhil,Badalkot,131,2,1,2,1,2,distinct wells or visits at one location (different depth/date); retain,False
repeated_coordinates,"23.1100,90.9820",1922,S98_04340,RIP3300,14/05/1998,23.11,90.982,281,DTW,Noakhali,Chatkhil,Badalkot,10.3,2,1,2,1,2,distinct wells or visits at one location (different depth/date); retain,False
repeated_coordinates,"23.1360,90.7460",189,S98_02603,RIP3132,05/05/1998,23.136,90.746,251,DTW,Chandpur,Faridganj,Uttar Faridganj,< 6,2,1,2,1,2,distinct wells or visits at one location (different depth/date); retain,False
repeated_coordinates,"23.1360,90.7460",1774,S98_04191,RIP3133,05/05/1998,23.136,90.746,15,STW,Chandpur,Faridganj,Uttar Faridganj,229,2,1,2,1,2,distinct wells or visits at one location (different depth/date); retain,False
repeated_coordinates,"23.1380,90.4440",133,S98_02547,RIP1738,12/05/1998,23.138,90.444,63,STW,Shariatpur,Damudya,Damudya,77,2,1,2,1,2,distinct wells or visits at one location (different depth/date); retain,False
repeated_coordinates,"23.1380,90.4440",1271,S98_03687,RIP1739,12/05/1998,23.138,90.444,272,DTW,Shariatpur,Damudya,Damudya,< 0.5,2,1,2,1,2,distinct wells or visits at one location (different depth/date); retain,False
repeated_coordinates,"23.1400,90.4590",1272,S98_03688,RIP1740,12/05/1998,23.14,90.459,271,DTW,Shariatpur,Damudya,Purba Damudya,< 0.5,2,1,2,1,2,distinct wells or visits at one location (different depth/date); retain,False
repeated_coordinates,"23.1400,90.4590",1350,S98_03766,RIP1831,12/05/1998,23.14,90.459,32,STW,Shariatpur,Damudya,Purba Damudya,86.6,2,1,2,1,2,distinct wells or visits at one location (different depth/date); retain,False
repeated_coordinates,"23.1510,91.4220",1974,S98_04393,RIP3362,18/05/1998,23.151,91.422,151,DTW,Feni,Fulgazi,Fulgazi,2.9,2,1,2,1,2,distinct wells or visits at one location (different depth/date); retain,False
repeated_coordinates,"23.1510,91.4220",1975,S98_04394,RIP3363,18/05/1998,23.151,91.422,33,STW,Feni,Fulgazi,Fulgazi,21.4,2,1,2,1,2,distinct wells or visits at one location (different depth/date); retain,False
repeated_coordinates,"23.1740,90.2910",1259,S98_03675,RIP1725,10/05/1998,23.174,90.291,23,STW,Madaripur,Madaripur Sadar,Khoajpur,128,2,1,2,1,2,distinct wells or visits at one location (different depth/date); retain,False
repeated_coordinates,"23.1740,90.2910",1260,S98_03676,RIP1726,10/05/1998,23.174,90.291,256,DTW,Madaripur,Madaripur Sadar,Khoajpur,< 0.5,2,1,2,1,2,distinct wells or visits at one location (different depth/date); retain,False
repeated_coordinates,"23.1800,91.2440",179,S98_02593,RIP3041,30/04/1998,23.18,91.244,23,STW,Comilla,Nangalkot,Roykot,64,2,1,2,1,2,distinct wells or visits at one location (different depth/date); retain,True
repeated_coordinates,"23.1800,91.2440",1696,S98_04113,RIP3042,30/04/1998,23.18,91.244,98,DTW,Comilla,Nangalkot,Roykot,11.6,2,1,2,1,2,distinct wells or visits at one location (different depth/date); retain,True
repeated_coordinates,"23.1840,90.0550",1265,S98_03681,RIP1732,11/05/1998,23.184,90.055,57,STW,Madaripur,Rajoir,Amgram,80.2,2,1,2,1,2,distinct wells or visits at one location (different depth/date); retain,False
repeated_coordinates,"23.1840,90.0550",1266,S98_03682,RIP1733,11/05/1998,23.184,90.055,249,DTW,Madaripur,Rajoir,Amgram,1.3,2,1,2,1,2,distinct wells or visits at one location (different depth/date); retain,False
repeated_coordinates,"23.1910,90.9580",198,S98_02612,RIP3229,14/05/1998,23.191,90.958,23,STW,Chandpur,Shahrasti,Uttar Suchipara,233,2,1,2,1,2,distinct wells or visits at one location (different depth/date); retain,False
repeated_coordinates,"23.1910,90.9580",1859,S98_04277,RIP3230,14/05/1998,23.191,90.958,269,DTW,Chandpur,Shahrasti,Uttar Suchipara,2,2,1,2,1,2,distinct wells or visits at one location (different depth/date); retain,False
repeated_coordinates,"23.2050,90.0500",291,S98_02705,RIP1729,11/05/1998,23.205,90.05,301,DTW,Madaripur,Rajoir,Rajoir,3.5,2,1,2,1,2,distinct wells or visits at one location (different depth/date); retain,False
repeated_coordinates,"23.2050,90.0500",1263,S98_03679,RIP1730,11/05/1998,23.205,90.05,61,STW,Madaripur,Rajoir,Rajoir,67.1,2,1,2,1,2,distinct wells or visits at one location (different depth/date); retain,False
repeated_coordinates,"23.2110,89.7180",1313,S98_03729,RIP1787,16/05/1998,23.211,89.718,263,DTW,Gopalganj,Kashiani,Kashiani,5.3,2,1,2,1,2,distinct wells or visits at one location (different depth/date); retain,False
repeated_coordinates,"23.2110,89.7180",1314,S98_03730,RIP1788,16/05/1998,23.211,89.718,34,STW,Gopalganj,Kashiani,Kashiani,380,2,1,2,1,2,distinct wells or visits at one location (different depth/date); retain,False
repeated_coordinates,"23.2160,91.4430",1945,S98_04363,RIP3326,18/05/1998,23.216,91.443,31,STW,Feni,Parshuram,Parshuram,0.9,2,1,2,1,2,distinct wells or visits at one location (different depth/date); retain,False
repeated_coordinates,"23.2160,91.4430",1946,S98_04364,RIP3327,18/05/1998,23.216,91.443,189,DTW,Feni,Parshuram,Parshuram,3.1,2,1,2,1,2,distinct wells or visits at one location (different depth/date); retain,False
repeated_coordinates,"23.2250,90.6610",1793,S98_04210,RIP3153,01/05/1998,23.225,90.661,98,DTW,Chandpur,Chandpur Sadar,Paurashava,1.8,2,1,2,1,2,distinct wells or visits at one location (different depth/date); retain,False
repeated_coordinates,"23.2250,90.6610",1794,S98_04211,RIP3154,01/05/1998,23.225,90.661,39,STW,Chandpur,Chandpur Sadar,Paurashava,471,2,1,2,1,2,distinct wells or visits at one location (different depth/date); retain,False
repeated_coordinates,"23.2350,91.1170",185,S98_02599,RIP3094,30/04/1998,23.235,91.117,98,DTW,Comilla,Laksam,Paurashava W02,98,2,1,2,1,2,distinct wells or visits at one location (different depth/date); retain,True
repeated_coordinates,"23.2350,91.1170",1750,S98_04167,RIP3105,30/04/1998,23.235,91.117,24,STW,Comilla,Laksam,Paurashava W02,1.6,2,1,2,1,2,distinct wells or visits at one location (different depth/date); retain,True
repeated_coordinates,"23.3160,89.8720",1371,S98_03787,RIP1854,16/05/1998,23.316,89.872,53,STW,Gopalganj,Muksudpur,Tengrakhola,119,2,1,2,1,2,distinct wells or visits at one location (different depth/date); retain,False
repeated_coordinates,"23.3160,89.8720",1372,S98_03788,RIP1855,16/05/1998,23.316,89.872,75,STW,Gopalganj,Muksudpur,Tengrakhola,281,2,1,2,1,2,distinct wells or visits at one location (different depth/date); retain,False
repeated_coordinates,"23.3400,90.8900",187,S98_02601,RIP3117,03/05/1998,23.34,90.89,98,DTW,Chandpur,Kachua (C),Kadla,30,2,1,2,1,2,distinct wells or visits at one location (different depth/date); retain,False
repeated_coordinates,"23.3400,90.8900",1761,S98_04178,RIP3118,03/05/1998,23.34,90.89,22,STW,Chandpur,Kachua (C),Kadla,51.3,2,1,2,1,2,distinct wells or visits at one location (different depth/date); retain,False
repeated_coordinates,"23.3520,88.9180",109,S98_02523,RIP1457,19/04/1998,23.352,88.918,123,DTW,Jhenaidah,Moheshpur,Pourasava w02,74,2,1,2,1,2,distinct wells or visits at one location (different depth/date); retain,False
repeated_coordinates,"23.3520,88.9180",1037,S98_03452,RIP1466,19/04/1998,23.352,88.918,25,STW,Jhenaidah,Moheshpur,Pourasava,1.7,2,1,2,1,2,distinct wells or visits at one location (different depth/date); retain,False
repeated_coordinates,"23.3740,91.0530",1801,S98_04218,RIP3162,02/05/1998,23.374,91.053,98,DTW,Comilla,Barura,Uttar Deora,1.8,2,1,2,1,2,distinct wells or visits at one location (different depth/date); retain,True
repeated_coordinates,"23.3740,91.0530",1802,S98_04219,RIP3163,02/05/1998,23.374,91.053,50,STW,Comilla,Barura,Uttar Deora,14.2,2,1,2,1,2,distinct wells or visits at one location (different depth/date); retain,True
repeated_coordinates,"23.3960,90.6010",1770,S98_04187,RIP3128,04/05/1998,23.396,90.601,20,STW,Chandpur,Matlab,Mohanpur,278,2,1,2,1,2,distinct wells or visits at one location (different depth/date); retain,False
repeated_coordinates,"23.3960,90.6010",1771,S98_04188,RIP3129,04/05/1998,23.396,90.601,230,DTW,Chandpur,Matlab,Mohanpur,2.2,2,1,2,1,2,distinct wells or visits at one location (different depth/date); retain,False
repeated_coordinates,"23.4060,89.1310",983,S98_03398,RIP1405,19/04/1998,23.406,89.131,55,STW,Jhenaidah,Kaliganj (J),Pourasava,15.4,2,1,2,1,2,distinct wells or visits at one location (different depth/date); retain,False
repeated_coordinates,"23.4060,89.1310",984,S98_03399,RIP1406,19/04/1998,23.406,89.131,134,DTW,Jhenaidah,Kaliganj (J),Pourasava,7.4,2,1,2,1,2,distinct wells or visits at one location (different depth/date); retain,False
repeated_coordinates,"23.4660,91.1810",1759,S98_04176,RIP3115,02/05/1998,23.466,91.181,52,Tara,Comilla,Comilla Sadar,Paurashava W05,5,2,1,2,1,2,distinct wells or visits at one location (different depth/date); retain,True
repeated_coordinates,"23.4660,91.1810",1760,S98_04177,RIP3116,02/05/1998,23.466,91.181,141,DTW,Comilla,Comilla Sadar,Paurashava W05,2.6,2,1,2,1,2,distinct wells or visits at one location (different depth/date); retain,True
repeated_coordinates,"23.4720,90.0290",148,S98_02562,RIP1868,18/05/1998,23.472,90.029,38,STW,Faridpur,Sadarpur,Sadarpur,272,3,1,3,1,3,distinct wells or visits at one location (different depth/date); retain,False
repeated_coordinates,"23.4720,90.0290",1385,S98_03801,RIP1869,18/05/1998,23.472,90.029,138,DTW,Faridpur,Sadarpur,Sadarpur,21,3,1,3,1,3,distinct wells or visits at one location (different depth/date); retain,False
repeated_coordinates,"23.4720,90.0290",1386,S98_03802,RIP1870,18/05/1998,23.472,90.029,148,DTW,Faridpur,Sadarpur,Sadarpur,6.7,3,1,3,1,3,distinct wells or visits at one location (different depth/date); retain,False
repeated_coordinates,"23.4890,91.0070",177,S98_02591,RIP3017,27/04/1998,23.489,91.007,125,DTW,Comilla,Chandina,Pasc. Chandina,118,2,1,2,1,2,distinct wells or visits at one location (different depth/date); retain,True
repeated_coordinates,"23.4890,91.0070",1675,S98_04092,RIP3018,27/04/1998,23.489,91.007,28,STW,Comilla,Chandina,Pasc. Chandina,203,2,1,2,1,2,distinct wells or visits at one location (different depth/date); retain,True
repeated_coordinates,"23.5360,90.7160",176,S98_02590,RIP3008,26/04/1998,23.536,90.716,25,STW,Comilla,Daudkandi,D. Daudkandi,411,2,1,2,1,2,distinct wells or visits at one location (different depth/date); retain,True
repeated_coordinates,"23.5360,90.7160",1667,S98_04084,RIP3009,26/04/1998,23.536,90.716,100,DTW,Comilla,Daudkandi,D. Daudkandi,72.7,2,1,2,1,2,distinct wells or visits at one location (different depth/date); retain,True
repeated_coordinates,"23.5460,89.1630",275,S98_02689,RIP1331,20/04/1998,23.546,89.163,125,DTW,Jhenaidah,Jhenaidah Sadar,Pourasava,26.3,2,1,2,1,2,distinct wells or visits at one location (different depth/date); retain,False
repeated_coordinates,"23.5460,89.1630",920,S98_03335,RIP1332,20/04/1998,23.546,89.163,45,HTW,Jhenaidah,Jhenaidah Sadar,Pourasava,24.3,2,1,2,1,2,distinct wells or visits at one location (different depth/date); retain,False
repeated_coordinates,"23.5530,91.1280",181,S98_02595,RIP3051,25/04/1998,23.553,91.128,35,STW,Comilla,Burichang,Purba Burichang,9,2,1,2,1,2,distinct wells or visits at one location (different depth/date); retain,True
repeated_coordinates,"23.5530,91.1280",1704,S98_04121,RIP3052,25/04/1998,23.553,91.128,118,DTW,Comilla,Burichang,Purba Burichang,2.4,2,1,2,1,2,distinct wells or visits at one location (different depth/date); retain,True
repeated_coordinates,"23.5720,90.3740",256,S98_02670,RIP0614,11/06/1998,23.572,90.374,55,STW,Munshiganj,Serajdikhan,Rasunia,529,2,1,2,1,2,distinct wells or visits at one location (different depth/date); retain,False
repeated_coordinates,"23.5720,90.3740",616,S98_03031,RIP0615,11/06/1998,23.572,90.374,108,PTW,Munshiganj,Serajdikhan,Rasunia,14.3,2,1,2,1,2,distinct wells or visits at one location (different depth/date); retain,False
repeated_coordinates,"23.6140,91.1020",175,S98_02589,RIP3001,25/04/1998,23.614,91.102,125,DTW,Comilla,Brahmanpara,Brahmanpara,< 6,2,1,2,1,2,distinct wells or visits at one location (different depth/date); retain,True
repeated_coordinates,"23.6140,91.1020",1661,S98_04078,RIP3002,25/04/1998,23.614,91.102,24,STW,Comilla,Brahmanpara,Brahmanpara,134,2,1,2,1,2,distinct wells or visits at one location (different depth/date); retain,True
repeated_coordinates,"23.6280,88.6270",1031,S98_03446,RIP1460,18/04/1998,23.628,88.627,148,DTW,Meherpur,Meherpur Sadar,Bagoan,228,2,1,2,1,2,distinct wells or visits at one location (different depth/date); retain,False
repeated_coordinates,"23.6280,88.6270",1032,S98_03447,RIP1461,18/04/1998,23.628,88.627,43,STW,Meherpur,Meherpur Sadar,Bagoan,482,2,1,2,1,2,distinct wells or visits at one location (different depth/date); retain,False
repeated_coordinates,"23.6390,90.9330",1683,S98_04100,RIP3027,28/04/1998,23.639,90.933,105,DTW,Comilla,Muradnagar,Paschim Nabipur,70.8,2,1,2,1,2,distinct wells or visits at one location (different depth/date); retain,True
repeated_coordinates,"23.6390,90.9330",1684,S98_04101,RIP3028,28/04/1998,23.639,90.933,30,STW,Comilla,Muradnagar,Pasc. Nabipur,327,2,1,2,1,2,distinct wells or visits at one location (different depth/date); retain,True
repeated_coordinates,"23.6440,88.8440",970,S98_03385,RIP1390,17/04/1998,23.644,88.844,115,DTW,Chuadanga,Chuadanga Sadar,Paurashava w01,70.4,2,1,2,1,2,distinct wells or visits at one location (different depth/date); retain,False
repeated_coordinates,"23.6440,88.8440",971,S98_03386,RIP1391,17/04/1998,23.644,88.844,30,STW,Chuadanga,Chuadanga Sadar,Paurashava w01,45.3,2,1,2,1,2,distinct wells or visits at one location (different depth/date); retain,False
repeated_coordinates,"23.7600,88.9420",108,S98_02522,RIP1443,16/04/1998,23.76,88.942,82,DTW,Chuadanga,Alamdanga,Paurashava W01,35,2,1,2,1,2,distinct wells or visits at one location (different depth/date); retain,False
repeated_coordinates,"23.7600,88.9420",1017,S98_03432,RIP1444,16/04/1998,23.76,88.942,39,STW,Chuadanga,Alamdanga,Paurashava W01,41.1,2,1,2,1,2,distinct wells or visits at one location (different depth/date); retain,False
repeated_coordinates,"23.8070,89.2850",925,S98_03340,RIP1338,21/04/1998,23.807,89.285,98,DTW,Kushtia,Khoksa,Khoksa,2.2,2,1,2,1,2,distinct wells or visits at one location (different depth/date); retain,False
repeated_coordinates,"23.8070,89.2850",926,S98_03341,RIP1339,21/04/1998,23.807,89.285,37,Tara,Kushtia,Khoksa,Khoksa,< 0.5,2,1,2,1,2,distinct wells or visits at one location (different depth/date); retain,False
repeated_coordinates,"23.8160,88.7480",972,S98_03387,RIP1393,18/04/1998,23.816,88.748,20,STW,Meherpur,Gangni,Shaharbati,12.8,2,1,2,1,2,distinct wells or visits at one location (different depth/date); retain,False
repeated_coordinates,"23.8160,88.7480",973,S98_03388,RIP1394,18/04/1998,23.816,88.748,105,DTW,Meherpur,Gangni,Shaharbati,13.2,2,1,2,1,2,distinct wells or visits at one location (different depth/date); retain,False
repeated_coordinates,"23.8470,89.8290",46,S98_02460,RIP0042,16/03/1998,23.847,89.829,52,STW,Manikganj,Shibalaya,Ulail,41,2,1,2,1,2,distinct wells or visits at one location (different depth/date); retain,False
repeated_coordinates,"23.8470,89.8290",339,S98_02754,RIP0043,16/03/1998,23.847,89.829,118,DTW,Manikganj,Shibalaya,Ulail,14.8,2,1,2,1,2,distinct wells or visits at one location (different depth/date); retain,False
repeated_coordinates,"23.9030,89.1210",1059,S98_03474,RIP1490,21/04/1998,23.903,89.121,115,DTW,Kushtia,Kushtia Sadar,Paurashova W03,42.3,2,1,2,1,2,distinct wells or visits at one location (different depth/date); retain,False
repeated_coordinates,"23.9030,89.1210",1060,S98_03475,RIP1491,21/04/1998,23.903,89.121,41,STW,Kushtia,Kushtia Sadar,Paurashova W03,18.3,2,1,2,1,2,distinct wells or visits at one location (different depth/date); retain,False
repeated_coordinates,"23.9680,89.8300",47,S98_02461,RIP0048,18/03/1998,23.968,89.83,82,DTW,Manikganj,Daulatpur (M),Chakmirpur,46,2,1,2,1,2,distinct wells or visits at one location (different depth/date); retain,False
repeated_coordinates,"23.9680,89.8300",344,S98_02759,RIP0049,18/03/1998,23.968,89.83,20,STW,Manikganj,Daulatpur (M),Chakmirpur,< 0.5,2,1,2,1,2,distinct wells or visits at one location (different depth/date); retain,False
repeated_coordinates,"24.0455,90.0293",2198,S99_04148,RIP4148,30/05/1999,24.0455,90.0293,24.4,HTW,Tangail,Mirzapur,Uarsi,131,2,1,2,1,2,distinct wells or visits at one location (different depth/date); retain,False
repeated_coordinates,"24.0455,90.0293",2199,S99_04149,RIP4149,30/05/1999,24.0455,90.0293,29.6,HTW,Tangail,Mirzapur,Uarsi,76.5,2,1,2,1,2,distinct wells or visits at one location (different depth/date); retain,False
repeated_coordinates,"24.0518,90.0047",2196,S99_04146,RIP4146,30/05/1999,24.0518,90.0047,29,HTW,Tangail,Mirzapur,Anaitara,14.5,2,1,2,1,2,distinct wells or visits at one location (different depth/date); retain,False
repeated_coordinates,"24.0518,90.0047",2197,S99_04147,RIP4147,30/05/1999,24.0518,90.0047,22.9,HTW,Tangail,Mirzapur,Anaitara,6.6,2,1,2,1,2,distinct wells or visits at one location (different depth/date); retain,False
repeated_coordinates,"24.0611,89.8820",2215,S99_04165,RIP4165,30/05/1999,24.0611,89.882,36,HTW,Tangail,Nagarpur,Nagarpur,20.2,2,1,2,1,2,distinct wells or visits at one location (different depth/date); retain,False
repeated_coordinates,"24.0611,89.8820",2934,S99_06143,RIP6143,30/05/1999,24.0611,89.882,22.9,HTW,Tangail,Nagarpur,Nagarpur,149,2,1,2,1,2,distinct wells or visits at one location (different depth/date); retain,False
repeated_coordinates,"24.1020,88.9850",928,S98_03343,RIP1343,22/04/1998,24.102,88.985,35,STW,Kushtia,Bheramara,Mokarimpur,212,2,1,2,1,2,distinct wells or visits at one location (different depth/date); retain,False
repeated_coordinates,"24.1020,88.9850",929,S98_03344,RIP1344,22/04/1998,24.102,88.985,97,DTW,Kushtia,Bheramara,Mokarimpur,9.9,2,1,2,1,2,distinct wells or visits at one location (different depth/date); retain,False
repeated_coordinates,"24.1184,90.1737",2200,S99_04150,RIP4150,28/05/1999,24.1184,90.1737,25.9,HTW,Tangail,Mirzapur,Ajgana,1.3,2,1,2,1,2,distinct wells or visits at one location (different depth/date); retain,False
repeated_coordinates,"24.1184,90.1737",2201,S99_04151,RIP4151,28/05/1999,24.1184,90.1737,48.8,TARA,Tangail,Mirzapur,Ajgana,< 0.5,2,1,2,1,2,distinct wells or visits at one location (different depth/date); retain,False
repeated_coordinates,"24.3890,89.9906",2905,S99_06112,RIP6112,26/05/1999,24.389,89.9906,106.7,DTW,Tangail,Kalihati,Kalihati,9.7,2,1,2,1,2,distinct wells or visits at one location (different depth/date); retain,False
repeated_coordinates,"24.3890,89.9906",2906,S99_06113,RIP6113,26/05/1999,24.389,89.9906,56.4,HTW,Tangail,Kalihati,Kalihati,16.7,2,1,2,1,2,distinct wells or visits at one location (different depth/date); retain,False
repeated_coordinates,"24.4165,90.4463",2854,S99_06061,RIP6061,19/05/1999,24.4165,90.4463,70.1,TARA,Mymensingh,Bhaluka,Birunia,< 0.5,2,1,2,1,1,distinct wells or visits at one location (different depth/date); retain,True
repeated_coordinates,"24.4165,90.4463",2855,S99_06062,RIP6062,19/05/1999,24.4165,90.4463,91.4,DTW,Mymensingh,Bhaluka,Birunia,< 0.5,2,1,2,1,1,distinct wells or visits at one location (different depth/date); retain,True
repeated_coordinates,"24.4284,90.5665",2844,S99_06051,RIP6051,18/05/1999,24.4284,90.5665,51.8,TARA,Mymensingh,Gafargaon,Gaffargaon,< 0.5,2,1,2,1,2,distinct wells or visits at one location (different depth/date); retain,True
repeated_coordinates,"24.4284,90.5665",2845,S99_06052,RIP6052,18/05/1999,24.4284,90.5665,140.2,DTW,Mymensingh,Gafargaon,Gaffargaon,0.7,2,1,2,1,2,distinct wells or visits at one location (different depth/date); retain,True
repeated_coordinates,"24.5020,92.0300",412,S98_02827,RIP0313,25/05/1998,24.502,92.03,26,STW,Maulvibazar,Kulaura,Kulaura,7.4,2,1,2,1,2,distinct wells or visits at one location (different depth/date); retain,False
repeated_coordinates,"24.5020,92.0300",413,S98_02828,RIP0314,25/05/1998,24.502,92.03,64,STW,Maulvibazar,Kulaura,Kulaura,32.2,2,1,2,1,2,distinct wells or visits at one location (different depth/date); retain,False
repeated_coordinates,"24.5716,90.6886",2875,S99_06082,RIP6082,23/05/1999,24.5716,90.6886,11,HTW,Mymensingh,Nandail,Nandail,< 0.5,2,1,2,1,2,distinct wells or visits at one location (different depth/date); retain,True
repeated_coordinates,"24.5716,90.6886",2876,S99_06083,RIP6083,23/05/1999,24.5716,90.6886,94.5,DTW,Mymensingh,Nandail,Nandail,7.8,2,1,2,1,2,distinct wells or visits at one location (different depth/date); retain,True
repeated_coordinates,"24.5750,91.5130",248,S98_02662,RIP0486,02/06/1998,24.575,91.513,144,DTW,Habiganj,Nabiganj,Nabiganj,50,2,1,2,1,2,distinct wells or visits at one location (different depth/date); retain,False
repeated_coordinates,"24.5750,91.5130",561,S98_02976,RIP0487,02/06/1998,24.575,91.513,66,STW,Habiganj,Nabiganj,Nabiganj,10.7,2,1,2,1,2,distinct wells or visits at one location (different depth/date); retain,False
repeated_coordinates,"24.7639,90.2659",2145,S99_04095,RIP4095,21/05/1999,24.7639,90.2659,51.8,DTW,Mymensingh,Muktagachha,Ward-2,1.1,2,1,2,1,2,distinct wells or visits at one location (different depth/date); retain,True
repeated_coordinates,"24.7639,90.2659",2146,S99_04096,RIP4096,21/05/1999,24.7639,90.2659,12.2,HTW,Mymensingh,Muktagachha,Ward-2,65.6,2,1,2,1,2,distinct wells or visits at one location (different depth/date); retain,True
repeated_coordinates,"24.8140,91.7590",225,S98_02639,RIP0320,26/05/1998,24.814,91.759,56,STW,Sylhet,Bishwanath,Bishwanath,53,2,1,2,1,2,distinct wells or visits at one location (different depth/date); retain,True
repeated_coordinates,"24.8140,91.7590",420,S98_02835,RIP0322,26/05/1998,24.814,91.759,90,STW,Sylhet,Bishwanath,Bishwanath,2.7,2,1,2,1,2,distinct wells or visits at one location (different depth/date); retain,True
repeated_coordinates,"24.8453,89.3648",3013,S99_06224,RIP6224,14/06/1999,24.8453,89.3648,20.1,HTW,Bogra,Bogra Sadar,Pourashava Ward-03,< 0.5,2,1,2,1,1,distinct wells or visits at one location (different depth/date); retain,True
repeated_coordinates,"24.8453,89.3648",3014,S99_06225,RIP6225,14/06/1999,24.8453,89.3648,31.4,DTW,Bogra,Bogra Sadar,Pourashava Ward-03,< 0.5,2,1,2,1,1,distinct wells or visits at one location (different depth/date); retain,True
repeated_coordinates,"24.8480,92.0230",478,S98_02893,RIP0389,27/05/1998,24.848,92.023,180,PTW,Sylhet,Golapganj,Golapganj,4.6,2,1,2,1,2,distinct wells or visits at one location (different depth/date); retain,True
repeated_coordinates,"24.8480,92.0230",479,S98_02894,RIP0390,27/05/1998,24.848,92.023,29,STW,Sylhet,Golapganj,Golapganj,4.8,2,1,2,1,2,distinct wells or visits at one location (different depth/date); retain,True
repeated_coordinates,"24.8961,90.8837",3210,S99_07053,RIP7053,19/05/1999,24.8961,90.8837,72.2,TARA,Netrokona,Barhatta,Barhatta,< 0.5,2,1,2,1,2,distinct wells or visits at one location (different depth/date); retain,False
repeated_coordinates,"24.8961,90.8837",3211,S99_07054,RIP7054,19/05/1999,24.8961,90.8837,20.1,HTW,Netrokona,Barhatta,Barhatta,21.6,2,1,2,1,2,distinct wells or visits at one location (different depth/date); retain,False
repeated_coordinates,"24.9102,89.5415",3004,S99_06215,RIP6215,12/06/1999,24.9102,89.5415,25.3,TARA,Bogra,Sariakandi,Narchi,37.3,2,1,2,1,2,distinct wells or visits at one location (different depth/date); retain,True
repeated_coordinates,"24.9102,89.5415",3007,S99_06218,RIP6218,12/06/1999,24.9102,89.5415,14,HTW,Bogra,Sariakandi,Narchi,23.7,2,1,2,1,2,distinct wells or visits at one location (different depth/date); retain,True
repeated_coordinates,"25.0378,90.2876",2128,S99_04078,RIP4078,19/05/1999,25.0378,90.2876,13.7,HTW,Mymensingh,Haluaghat,Dhurail,3.6,2,1,2,1,2,distinct wells or visits at one location (different depth/date); retain,True
repeated_coordinates,"25.0378,90.2876",2129,S99_04079,RIP4079,19/05/1999,25.0378,90.2876,61,HTW,Mymensingh,Haluaghat,Dhurail,13,2,1,2,1,2,distinct wells or visits at one location (different depth/date); retain,True
repeated_coordinates,"25.0466,90.0696",2509,S99_05085,RIP5085,23/05/1999,25.0466,90.0696,45.7,HTW,Sherpur,Sherpur Sadar,Pakuora,2.3,2,1,2,1,2,distinct wells or visits at one location (different depth/date); retain,False
repeated_coordinates,"25.0466,90.0696",2510,S99_05086,RIP5086,23/05/1999,25.0466,90.0696,13.7,HTW,Sherpur,Sherpur Sadar,Pakuora,< 0.5,2,1,2,1,2,distinct wells or visits at one location (different depth/date); retain,False
repeated_coordinates,"25.0877,90.1834",2516,S99_05092,RIP5092,24/05/1999,25.0877,90.1834,44.2,TARA,Sherpur,Nalitabari,Pourashava,5.3,2,1,2,1,2,distinct wells or visits at one location (different depth/date); retain,False
repeated_coordinates,"25.0877,90.1834",2517,S99_05093,RIP5093,24/05/1999,25.0877,90.1834,12.5,HTW,Sherpur,Nalitabari,Pourashava,17.3,2,1,2,1,2,distinct wells or visits at one location (different depth/date); retain,False
repeated_coordinates,"25.1018,91.2099",2450,S99_05026,RIP5026,14/05/1999,25.1018,91.2099,106.7,HTW,Sunamganj,Tahirpur,Balijuri,1.3,2,1,1,1,2,"same location, depth and date; retained pending reviewer decision",False
repeated_coordinates,"25.1018,91.2099",2451,S99_05027,RIP5027,14/05/1999,25.1018,91.2099,106.7,HTW,Sunamganj,Tahirpur,Taherpur Sadar,6.3,2,1,1,1,2,"same location, depth and date; retained pending reviewer decision",False
repeated_coordinates,"25.1175,91.3259",2441,S99_05017,RIP5017,13/05/1999,25.1175,91.3259,54.9,HTW,Sunamganj,Bishwambarpur,Palash,20.3,2,1,2,1,2,distinct wells or visits at one location (different depth/date); retain,False
repeated_coordinates,"25.1175,91.3259",2442,S99_05018,RIP5018,13/05/1999,25.1175,91.3259,10.7,HTW,Sunamganj,Bishwambarpur,Palash,4,2,1,2,1,2,distinct wells or visits at one location (different depth/date); retain,False
repeated_coordinates,"25.1176,91.2619",2448,S99_05024,RIP5024,13/05/1999,25.1176,91.2619,131.1,HTW,Sunamganj,Bishwambarpur,Daskin Badhaghat,57.4,2,1,2,2,2,distinct wells or visits at one location (different depth/date); retain,False
repeated_coordinates,"25.1176,91.2619",2449,S99_05025,RIP5025,14/05/1999,25.1176,91.2619,149.4,HTW,Sunamganj,Tahirpur,Balijuri,47.7,2,1,2,2,2,distinct wells or visits at one location (different depth/date); retain,False
repeated_coordinates,"25.1246,90.3866",2134,S99_04084,RIP4084,19/05/1999,25.1246,90.3866,21.9,HTW,Mymensingh,Haluaghat,Gazirbhita,55.6,2,1,2,1,2,distinct wells or visits at one location (different depth/date); retain,True
repeated_coordinates,"25.1246,90.3866",2135,S99_04085,RIP4085,19/05/1999,25.1246,90.3866,71.6,TARA,Mymensingh,Haluaghat,Gazirbhita,44.3,2,1,2,1,2,distinct wells or visits at one location (different depth/date); retain,True
repeated_coordinates,"25.1319,90.4839",2143,S99_04093,RIP4093,29/05/1999,25.1319,90.4839,60,HTW,Mymensingh,Dhobaura,Ghosgaon,171,2,1,2,1,2,distinct wells or visits at one location (different depth/date); retain,True
repeated_coordinates,"25.1319,90.4839",2144,S99_04094,RIP4094,29/05/1999,25.1319,90.4839,67.1,TARA,Mymensingh,Dhobaura,Goshgaon,19.8,2,1,2,1,2,distinct wells or visits at one location (different depth/date); retain,True
repeated_coordinates,"25.1376,90.1918",2520,S99_05096,RIP5096,24/05/1999,25.1376,90.1918,48.8,TARA,Sherpur,Nalitabari,Nayabil,137,2,1,2,1,2,distinct wells or visits at one location (different depth/date); retain,False
repeated_coordinates,"25.1376,90.1918",2521,S99_05097,RIP5097,24/05/1999,25.1376,90.1918,25.9,HTW,Sherpur,Nalitabari,Nayabil,33.2,2,1,2,1,2,distinct wells or visits at one location (different depth/date); retain,False
repeated_coordinates,"25.1453,89.7505",2550,S99_05130,RIP5130,29/05/1999,25.1453,89.7505,22.6,HTW,Jamalpur,Dewanganj,Chukaibari,5.1,2,1,2,1,2,distinct wells or visits at one location (different depth/date); retain,False
repeated_coordinates,"25.1453,89.7505",2551,S99_05131,RIP5131,29/05/1999,25.1453,89.7505,7.9,HTW,Jamalpur,Dewanganj,Chukaibari,< 0.5,2,1,2,1,2,distinct wells or visits at one location (different depth/date); retain,False
repeated_coordinates,"25.2125,89.9042",2525,S99_05102,RIP5102,25/05/1999,25.2125,89.9042,31.4,HTW,Sherpur,Sribardi,Kakilakura,19.3,2,1,2,1,2,distinct wells or visits at one location (different depth/date); retain,False
repeated_coordinates,"25.2125,89.9042",2526,S99_05103,RIP5103,25/05/1999,25.2125,89.9042,13.7,HTW,Sherpur,Sribardi,Kakilakura,< 0.5,2,1,2,1,2,distinct wells or visits at one location (different depth/date); retain,False
repeated_coordinates,"25.2248,89.9629",2529,S99_05106,RIP5106,25/05/1999,25.2248,89.9629,26.8,HTW,Sherpur,Sribardi,Ranisimal,14.8,2,1,2,1,2,distinct wells or visits at one location (different depth/date); retain,False
repeated_coordinates,"25.2248,89.9629",2530,S99_05107,RIP5107,25/05/1999,25.2248,89.9629,13.7,HTW,Sherpur,Sribardi,Ranisimal,3,2,1,2,1,2,distinct wells or visits at one location (different depth/date); retain,False
repeated_coordinates,"25.4789,89.3640",3429,S99_07272,RIP7272,19/06/1999,25.4789,89.364,45.4,HTW,Rangpur,Pirganj (R),Panchgachhi,36,2,1,2,1,2,distinct wells or visits at one location (different depth/date); retain,True
repeated_coordinates,"25.4789,89.3640",3430,S99_07273,RIP7273,19/06/1999,25.4789,89.364,19.8,HTW,Rangpur,Pirganj (R),Panchgachhi,7.7,2,1,2,1,2,distinct wells or visits at one location (different depth/date); retain,True
repeated_coordinates,"25.5659,89.5260",3396,S99_07239,RIP7239,16/06/1999,25.5659,89.526,13.7,HTW,Gaibandha,Sundarganj,Dahabanda,0.6,2,1,2,1,2,distinct wells or visits at one location (different depth/date); retain,False
repeated_coordinates,"25.5659,89.5260",3397,S99_07240,RIP7240,16/06/1999,25.5659,89.526,18,STW,Gaibandha,Sundarganj,Dahabanda,7.2,2,1,2,1,2,distinct wells or visits at one location (different depth/date); retain,False
repeated_coordinates,"26.1111,89.6678",3041,S99_06252,RIP6252,19/06/1999,26.1111,89.6678,14.3,HTW,Kurigram,Bhurungamari,Bhurungamari,2.3,2,1,2,1,2,distinct wells or visits at one location (different depth/date); retain,False
repeated_coordinates,"26.1111,89.6678",3042,S99_06253,RIP6253,19/06/1999,26.1111,89.6678,59.4,DTW,Kurigram,Bhurungamari,Bhurungamari,3.5,2,1,2,1,2,distinct wells or visits at one location (different depth/date); retain,False
