district,population,statistic,primary_value,outer_replicates,param_unc_median,param_unc_q025,param_unc_q975,interval_width_over_primary
Dhaka,adult,mean_HI,4.18838084460402,1000,3.813408066893446,1.968940301084721,6.101117396952532,0.9865810319497048
Dhaka,adult,P50_HI,0.1415041543734834,1000,0.14444446902768054,0.0060063550708258145,0.8160124405001865,5.724256570527575
Dhaka,adult,P95_HI,21.56542774620328,1000,19.395601489894137,10.204089625715499,31.21198887152794,0.9741471160715095
Dhaka,adult,P_HI_gt_1,0.3346,1000,0.3292,0.21459,0.47384999999999994,0.7748356246264194
Dhaka,adult,P_HI_gt_2,0.2684,1000,0.2625,0.16519750000000002,0.3778475,0.7922876304023844
Dhaka,adult,P95_ELCR,0.009683054255481306,1000,0.008691165881805098,0.004575895944420621,0.013983799736220513,0.9715843310982525
Dhaka,child,mean_HI,23.416430586041272,1000,21.278397714928236,11.001009525453624,34.049559422049505,0.9842896342338063
Dhaka,child,P50_HI,0.716181580230105,1000,0.7296014350743503,0.030555704367407212,4.288868555395061,5.945856426046984
Dhaka,child,P95_HI,121.10349937038607,1000,108.47181891055993,57.505421995494274,173.8165447916276,0.9604274310885466
Dhaka,child,P_HI_gt_1,0.4765,1000,0.47725,0.32225499999999996,0.6543399999999999,0.696925498426023
Dhaka,child,P_HI_gt_2,0.4223,1000,0.41985,0.278395,0.5851149999999999,0.7263083116268054
Dhaka,child,P95_ELCR,0.00466789137943052,1000,0.004181584364823989,0.002216646771169115,0.006700324746591181,0.9605360559973167
Chittagong,adult,mean_HI,1.8246615078488448,994,1.6909811774083368,0.42941064832208664,8.185601722904783,4.2507561217350025
Chittagong,adult,P50_HI,0.2297410929617673,994,0.2286265104042709,0.12986252095518258,0.45068408438113555,1.3964483205420415
Chittagong,adult,P95_HI,6.663347732213144,994,6.253787019186673,1.6353156947473915,24.765352180344017,3.4712335923543773
Chittagong,adult,P_HI_gt_1,0.2321,994,0.2283,0.09428750000000001,0.3671924999999999,1.1758078414476514
Chittagong,adult,P_HI_gt_2,0.1425,994,0.13824999999999998,0.0379125,0.2598175,1.5572280701754384
Chittagong,adult,P95_ELCR,0.0029942951442597484,994,0.0028072392363556386,0.0007347310678897917,0.011091092660914782,3.45869765473146
Chittagong,child,mean_HI,9.275554206496189,994,8.684622451364284,2.2481527223797038,39.84943249888839,4.053804111259941
Chittagong,child,P50_HI,1.2069904573186454,994,1.204279904529858,0.6861307567396205,2.388537536026258,1.4104558730883172
Chittagong,child,P95_HI,34.71327299304937,994,32.708117200403066,8.957090708062589,123.178319223484,3.2904194467139956
Chittagong,child,P_HI_gt_1,0.5375,994,0.53735,0.402865,0.6466,0.4534604651162791
Chittagong,child,P_HI_gt_2,0.4034,994,0.4,0.2417925,0.5323024999999999,0.7201536936043628
Chittagong,child,P95_ELCR,0.001337579464120522,994,0.0012600480989650397,0.00034515843106045456,0.004745027405227271,3.2894262301341435
Rajshahi,adult,mean_HI,0.6376607599447361,1000,0.636423349697717,0.23411627409085095,1.2302885537742454,1.5622292326247726
Rajshahi,adult,P50_HI,0.0001649336837979097,1000,0.000187561594319411,1.9993431212991867e-07,0.007897382102901421,47.88095425228946
Rajshahi,adult,P95_HI,3.166561231286713,1000,3.0950716100328988,1.135785707012442,6.151394607524831,1.5839292324293148
Rajshahi,adult,P_HI_gt_1,0.112,1000,0.111,0.055295000000000004,0.17111749999999998,1.034129464285714
Rajshahi,adult,P_HI_gt_2,0.0705,1000,0.06964999999999999,0.029097500000000002,0.12180250000000001,1.3149645390070925
Rajshahi,adult,P95_ELCR,0.0014214322332404678,1000,0.0013899261999372784,0.0005099189493009904,0.0027597812024230226,1.5828135879492304
Rajshahi,child,mean_HI,3.4294893178751256,1000,3.4217723452799236,1.2695657558218212,6.655159684345992,1.5703778111958155
Rajshahi,child,P50_HI,0.0011287414764963141,1000,0.001286189391720326,1.6261390672987006e-06,0.047577098517950105,42.14913101852173
Rajshahi,child,P95_HI,18.151460990078807,1000,17.614152096110082,6.525864833941673,34.68498040831116,1.5513415470942338
Rajshahi,child,P_HI_gt_1,0.2033,1000,0.20325,0.12858999999999998,0.29089249999999983,0.7983398917855379
Rajshahi,child,P_HI_gt_2,0.1638,1000,0.1633,0.10058,0.24001749999999997,0.8512667887667885
Rajshahi,child,P95_ELCR,0.0006992588812201647,1000,0.000678827770615534,0.00025158092308814975,0.00133620096129995,1.551099410162948
Khulna,adult,mean_HI,2.8746407654731154,1000,2.8447351467892954,1.3571971291714757,4.542250620076313,1.1079831362443764
Khulna,adult,P50_HI,0.09068619843076534,1000,0.094804197009688,0.015011371682081715,0.37051288149780137,3.920128045582685
Khulna,adult,P95_HI,15.677957877719315,1000,15.43280586048779,7.488511064625369,24.588242904522613,1.0906861705629711
Khulna,adult,P_HI_gt_1,0.3004,1000,0.2988,0.215,0.39287749999999994,0.5921354860186416
Khulna,adult,P_HI_gt_2,0.231,1000,0.22825,0.1555875,0.3076,0.6580627705627705
Khulna,adult,P95_ELCR,0.0070309187772677135,1000,0.006928929256327498,0.0033575628301220407,0.011036049958371975,1.092102948632536
Khulna,child,mean_HI,16.737978912477775,1000,16.611254568990674,7.926666450695939,26.412852926193853,1.104445558938833
Khulna,child,P50_HI,0.5218644187898233,1000,0.5423023121116541,0.08767469877353805,2.0526207109011843,3.7652423529549206
Khulna,child,P95_HI,84.31390482173417,1000,82.90497079284793,40.05285200960355,132.5833323210956,1.0974521996950597
Khulna,child,P_HI_gt_1,0.4488,1000,0.45,0.349495,0.5666,0.4837455436720143
Khulna,child,P_HI_gt_2,0.3921,1000,0.3923,0.299175,0.5024,0.5182989033409843
Khulna,child,P95_ELCR,0.0032462982878284936,1000,0.0031931839568227318,0.0015423409894324324,0.005103972611181078,1.0971362782965592
Barisal,adult,mean_HI,6.397414613738818,1000,5.880979461322015,1.9572179629545146,10.49917844248391,1.335220709501154
Barisal,adult,P50_HI,0.3796546091912346,1000,0.44573900584992365,0.18226180485046675,0.9793339413119186,2.0994665076223566
Barisal,adult,P95_HI,32.05888754831625,1000,29.09604738212935,9.60827796941305,51.82888984886454,1.3169705847035524
Barisal,adult,P_HI_gt_1,0.412,1000,0.42225,0.30939,0.4980175,0.4578337378640777
Barisal,adult,P_HI_gt_2,0.3379,1000,0.34335,0.2250925,0.424815,0.5910698431488607
Barisal,adult,P95_ELCR,0.014395427689211133,1000,0.013063485910410219,0.0043116634346351285,0.023288139367210803,1.3182293949347457
Barisal,child,mean_HI,36.38645035332002,1000,33.27794475656991,11.016837596967374,59.18819292823592,1.3238816884723472
Barisal,child,P50_HI,1.9047624480885996,1000,2.243139227855435,0.9121766693323269,4.998315948291813,2.145222509536486
Barisal,child,P95_HI,175.12496142356832,1000,160.06541827913134,52.49151559374106,284.2901039940846,1.3236182124814335
Barisal,child,P_HI_gt_1,0.5582,1000,0.57655,0.49129,0.65701,0.2968828376925832
Barisal,child,P_HI_gt_2,0.4953,1000,0.5109,0.421285,0.59715,0.3550676357762971
Barisal,child,P95_ELCR,0.006745823888859346,1000,0.0061616782819932546,0.002022765318724667,0.010956304858831194,1.3243066654704947
Sylhet,adult,mean_HI,1.475141197996738,1000,1.4560762066824386,0.916169406091294,2.176255232718358,0.854213703975103
Sylhet,adult,P50_HI,0.3721815870815316,1000,0.3763098746284238,0.17623137320583074,0.6719120835093624,1.3318249142587106
Sylhet,adult,P95_HI,6.605225154256889,1000,6.515292815459583,4.093252965906269,9.692766309327949,0.8477399653534815
Sylhet,adult,P_HI_gt_1,0.3283,1000,0.3259,0.24008500000000002,0.41624249999999996,0.5365747791653973
Sylhet,adult,P_HI_gt_2,0.2057,1000,0.2023,0.128855,0.2762175,0.7163952357802625
Sylhet,adult,P95_ELCR,0.0029642743121581928,1000,0.002925205662495068,0.0018367622068591006,0.004350514823270186,0.8480161927324813
Sylhet,child,mean_HI,8.206326507091864,1000,8.118672266952101,5.072492580440881,12.038588897385013,0.8488690172056972
Sylhet,child,P50_HI,2.0396904053812133,1000,2.051482038426502,0.9785905527739163,3.626022064860505,1.2979575258588274
Sylhet,child,P95_HI,35.79471212538429,1000,35.18858293135717,22.02360101213306,52.221995820163784,0.8436551941596742
Sylhet,child,P_HI_gt_1,0.5995,1000,0.60135,0.4969525,0.709705,0.35488323603002503
Sylhet,child,P_HI_gt_2,0.5035,1000,0.5044,0.401775,0.603805,0.40125124131082435
Sylhet,child,P95_ELCR,0.0013795314358671918,1000,0.0013561061447438694,0.0008484214212250282,0.002012058418535703,0.8435016173293629
Rangpur,adult,mean_HI,0.36440868465034437,1000,0.35822726255984205,0.19819056392856915,0.5818333163631335,1.052781584507722
Rangpur,adult,P50_HI,0.031158018613648517,1000,0.0347857005726774,0.010795954607114395,0.07800383838757713,2.157001207741203
Rangpur,adult,P95_HI,1.8416451916526837,1000,1.779764735678254,0.9618829628255736,2.9835733022887316,1.0977632111910236
Rangpur,adult,P_HI_gt_1,0.0999,1000,0.09765,0.0473825,0.1542025,1.0692692692692691
Rangpur,adult,P_HI_gt_2,0.0441,1000,0.0425,0.0123975,0.0784025,1.4967120181405895
Rangpur,adult,P95_ELCR,0.0008271198807595723,1000,0.0007978507310113326,0.0004318436316097283,0.0013408779782621816,1.0990357840482037
Rangpur,child,mean_HI,2.0008832513551402,1000,1.9655527278057991,1.0940025261922952,3.1830543513847194,1.0440648267596673
Rangpur,child,P50_HI,0.17757652796493445,1000,0.1962082996518493,0.06292275081592048,0.4247792965063466,2.037749863888999
Rangpur,child,P95_HI,9.618298369322842,1000,9.367908177248179,5.04293828176339,15.616870672348599,1.0993558303733144
Rangpur,child,P_HI_gt_1,0.2992,1000,0.3033,0.220995,0.3816,0.5367814171122994
Rangpur,child,P_HI_gt_2,0.2091,1000,0.2105,0.14118,0.27873,0.657819225251076
Rangpur,child,P95_ELCR,0.0003707102079610144,1000,0.0003610327402341879,0.00019433868198154834,0.0006012703483049044,1.0977082842190062
Mymensingh,adult,mean_HI,1.3685291260792942,1000,1.2430269319897636,0.5202774573570015,2.1240505709019675,1.171895492016033
Mymensingh,adult,P50_HI,0.011402953340628852,1000,0.01899349609056493,0.0030011696113253017,0.0645539261733485,5.397966186769355
Mymensingh,adult,P95_HI,7.1913073392366975,1000,6.469182161454989,2.6803313159117463,11.005238369298285,1.1576347193457823
Mymensingh,adult,P_HI_gt_1,0.1911,1000,0.1936,0.123595,0.2521,0.6724489795918367
Mymensingh,adult,P_HI_gt_2,0.1381,1000,0.13524999999999998,0.070285,0.182905,0.8154960173787111
Mymensingh,adult,P95_ELCR,0.003227278622435775,1000,0.0029020278769952283,0.0012039739437155548,0.004946917798123038,1.159783301133917
Mymensingh,child,mean_HI,7.509836447436825,1000,6.832149529454176,2.8693351015957718,11.680801155391825,1.1733232961156546
Mymensingh,child,P50_HI,0.0574497868003067,1000,0.0981349768167756,0.014963480721886186,0.33529653891486744,5.57587897247464
Mymensingh,child,P95_HI,37.908129010013305,1000,34.50100524518682,14.434914091824986,59.12883277315473,1.1790061880797122
Mymensingh,child,P_HI_gt_1,0.3202,1000,0.33425,0.2575775,0.4051175,0.4607745159275453
Mymensingh,child,P_HI_gt_2,0.2672,1000,0.2773,0.2057575,0.3416125,0.508439371257485
Mymensingh,child,P95_ELCR,0.0014608257973842992,1000,0.0013280790034979478,0.0005563095388272434,0.00227793359799847,1.1785279683956178
Comilla,adult,mean_HI,12.097150161149953,1000,12.370820880459402,10.23683373825258,14.72063455927729,0.37064934809393824
Comilla,adult,P50_HI,4.079069716707418,1000,3.9883709765023765,2.313744257129292,6.242971653816452,0.9632655653306144
Comilla,adult,P95_HI,51.33839908331366,1000,52.938481540628544,40.647862539491236,65.13474093366378,0.47697004252965547
Comilla,adult,P_HI_gt_1,0.7229,1000,0.7122,0.6107925,0.8492274999999999,0.3298312353022547
Comilla,adult,P_HI_gt_2,0.6254,1000,0.61425,0.521195,0.758,0.3786456667732652
Comilla,adult,P95_ELCR,0.023033887440399255,1000,0.02376538174658653,0.018229595430028105,0.029248465873256083,0.4783764994831886
Comilla,child,mean_HI,63.18176861226852,1000,64.63490461091706,53.029727601255395,76.95056913986103,0.37860354440854843
Comilla,child,P50_HI,20.550179669594765,1000,20.073500636559903,11.449408928821503,31.834899589489837,0.9919860063719977
Comilla,child,P95_HI,259.5923675834967,1000,267.4984812537433,211.97976272458567,329.82236657955127,0.45395249849578906
Comilla,child,P_HI_gt_1,0.8514,1000,0.8401,0.7474400000000001,0.95183,0.2400634249471457
Comilla,child,P_HI_gt_2,0.801,1000,0.79035,0.694595,0.9166724999999999,0.27725031210986256
Comilla,child,P95_ELCR,0.01000006548980059,1000,0.010309252076803874,0.008161586329824467,0.012698525574209142,0.453690953225462
Bogra,adult,mean_HI,3.8282083818182007,1000,1.5805747965299188,0.2176549371943813,9.786107998328003,2.499459827364231
Bogra,adult,P50_HI,0.04892305615512556,1000,0.06258394350235964,0.038226213687584276,0.10225147337657205,1.30869297056946
Bogra,adult,P95_HI,6.569588446862367,1000,4.1063631628086,0.8165212469420007,13.844638049338702,1.9830948175481105
Bogra,adult,P_HI_gt_1,0.1553,1000,0.1362,0.038262500000000005,0.2159,1.1438345138441726
Bogra,adult,P_HI_gt_2,0.1061,1000,0.0869,0.0163825,0.15391,1.2962064090480678
Bogra,adult,P95_ELCR,0.002951429867048944,1000,0.0018413830524704488,0.00036699421347611677,0.006216283639810319,1.9818493712617844
Bogra,child,mean_HI,16.042191862718905,1000,7.273606466741175,1.1080917850091738,38.51123655368878,2.331548275245497
Bogra,child,P50_HI,0.2477604320451232,1000,0.3185534601267601,0.19517005783171623,0.5217524625304223,1.3181378560044947
Bogra,child,P95_HI,33.266297294912235,1000,21.133506750409097,4.488437850541688,69.68793951954761,1.9599266215593394
Bogra,child,P_HI_gt_1,0.3238,1000,0.32925,0.21277749999999998,0.4055075,0.5952130945027797
Bogra,child,P_HI_gt_2,0.2459,1000,0.2372,0.11758249999999999,0.3185175,0.8171411142740953
Bogra,child,P95_ELCR,0.0012824357603376153,1000,0.0008142040826918516,0.00017289237862411672,0.0026839645709024248,1.9580491046329218
