scenario,district,population,mean_HI,P50_HI,P95_HI,P_HI_gt_1,P_HI_gt_2,P95_ELCR,ratio_mean_HI,ratio_P50_HI,ratio_P95_HI,ratio_P_HI_gt_1,ratio_P_HI_gt_2,ratio_P95_ELCR,primary_mean_HI,primary_P50_HI,primary_P95_HI,primary_P_HI_gt_1,primary_P_HI_gt_2,primary_P95_ELCR
S1_barisal_lognormal,Barisal,adult,294.3931766948671,0.3001720989611608,100.80928925016038,0.3701,0.2971,0.04524802296304236,46.01752340119409,0.7906452119746611,3.1445036605911465,0.8983009708737865,0.8792542172240307,3.1432218576565227,6.397414613738818,0.3796546091912346,32.05888754831625,0.412,0.3379,0.014395427689211133
S1_barisal_lognormal,Barisal,child,633.1692573991573,1.5397783905268625,550.3294504190395,0.5511,0.471,0.02120932038850571,17.401237308144978,0.8083834244380483,3.1424957695663833,0.9872805446076676,0.9509388249545729,3.14406672008332,36.38645035332002,1.9047624480885996,175.12496142356832,0.5582,0.4953,0.006745823888859346
S2_bogra_gamma,Bogra,adult,0.7443159440117184,0.03570871300407287,3.725153247574727,0.1679,0.0991,0.001672431205587815,0.1944293177839517,0.7298953869694371,0.5670299254976708,1.0811332904056665,0.9340245051837888,0.5666511761839811,3.8282083818182007,0.04892305615512556,6.569588446862367,0.1553,0.1061,0.002951429867048944
S2_bogra_gamma,Bogra,child,3.930902445026457,0.17489581030473605,20.425930288949353,0.3427,0.2733,0.0007874261447509338,0.24503524697031204,0.7059069475342344,0.6140127381135774,1.058369363804818,1.1114274095160634,0.6140082560888939,16.042191862718905,0.2477604320451232,33.266297294912235,0.3238,0.2459,0.0012824357603376153
S3_rangpur_lognormal,Rangpur,adult,1.4170967285402432,0.03959328065463121,3.4330555921194432,0.119,0.0754,0.0015396852711966125,3.8887567399771736,1.270725239161636,1.8641243208408864,1.1911911911911912,1.7097505668934239,1.8615019503371955,0.36440868465034437,0.031158018613648517,1.8416451916526837,0.0999,0.0441,0.0008271198807595723
S3_rangpur_lognormal,Rangpur,child,10.146692863751419,0.21297798483160063,18.023542944282934,0.2841,0.2022,0.0006943134927236903,5.071106900854589,1.1993588751417463,1.8738806233926226,0.9495320855614974,0.9670014347202295,1.8729279038269901,2.0008832513551402,0.17757652796493445,9.618298369322842,0.2992,0.2091,0.0003707102079610144
S4_child_bw_gamma,Dhaka,child,22.655237753259943,0.7007671985666211,119.2659074506587,0.475,0.4204,0.004596564631295254,0.9674932167827883,0.9784769923033605,0.9848262690237609,0.9968520461699895,0.9955008287946957,0.9847197069645678,23.416430586041272,0.716181580230105,121.10349937038607,0.4765,0.4223,0.00466789137943052
S4_child_bw_gamma,Chittagong,child,8.833984340999411,1.184896826245351,33.53504357799404,0.5331,0.3987,0.0012916760820579167,0.9523942337388831,0.9816952727841975,0.96605824477308,0.9918139534883722,0.98834903321765,0.9656817532760288,9.275554206496189,1.2069904573186454,34.71327299304937,0.5375,0.4034,0.001337579464120522
S4_child_bw_gamma,Rajshahi,child,3.3056919867246024,0.0011292915276934607,17.71418185353866,0.2023,0.1618,0.0006826282020898918,0.9639021091259072,1.0004873137105352,0.9759094247686643,0.9950811608460404,0.9877899877899878,0.9762167066062095,3.4294893178751256,0.0011287414764963141,18.151460990078807,0.2033,0.1638,0.0006992588812201647
S4_child_bw_gamma,Khulna,child,15.982074057711314,0.5098202126897005,81.27365470995768,0.4468,0.39,0.0031329460583170957,0.9548389409068408,0.9769208137852113,0.9639412962997679,0.9955436720142602,0.9946442234123948,0.9650826204306625,16.737978912477775,0.5218644187898233,84.31390482173417,0.4488,0.3921,0.0032462982878284936
S4_child_bw_gamma,Barisal,child,34.825244252628934,1.8696339508914477,169.82963498070148,0.5563,0.4936,0.006545732726235797,0.9570937509558791,0.9815575442321415,0.9697625832444341,0.9965962020781082,0.9965677367252169,0.9703385137352907,36.38645035332002,1.9047624480885996,175.12496142356832,0.5582,0.4953,0.006745823888859346
S4_child_bw_gamma,Sylhet,child,7.90127472363422,2.0035896765250856,34.3085001079635,0.5971,0.5005,0.0013230486767286521,0.9628272427140182,0.9823008782308899,0.9584795650202529,0.995996663886572,0.9940417080436942,0.9590565624892529,8.206326507091864,2.0396904053812133,35.79471212538429,0.5995,0.5035,0.0013795314358671918
S4_child_bw_gamma,Rangpur,child,1.9232071300030595,0.17264486125345244,9.404424886467845,0.2966,0.2065,0.00036223764713687713,0.9611790836374522,0.9722279359327498,0.9777638959987832,0.9913101604278073,0.9875657580105212,0.977145056590866,2.0008832513551402,0.17757652796493445,9.618298369322842,0.2992,0.2091,0.0003707102079610144
S4_child_bw_gamma,Mymensingh,child,7.21507833500174,0.05634034794514421,37.02468861382317,0.3183,0.266,0.0014264659796654484,0.9607503952318843,0.980688547043371,0.9766952255555326,0.9940662086196129,0.9955089820359282,0.9764791819939282,7.509836447436825,0.0574497868003067,37.908129010013305,0.3202,0.2672,0.0014608257973842992
S4_child_bw_gamma,Comilla,child,60.727185710306905,20.060869989297515,247.42832252596378,0.8501,0.7995,0.009525335972389196,0.9611504559642069,0.976189518137342,0.9531417461508362,0.9984731031242658,0.9981273408239699,0.9525273591562389,63.18176861226852,20.550179669594765,259.5923675834967,0.8514,0.801,0.01000006548980059
S4_child_bw_gamma,Bogra,child,15.580400831187216,0.24123096026753962,32.377474475372985,0.3207,0.2433,0.0012474214708527865,0.9712139690459093,0.9736460268345253,0.9732815825079761,0.990426189005559,0.9894265961773078,0.9726970421694956,16.042191862718905,0.2477604320451232,33.266297294912235,0.3238,0.2459,0.0012824357603376153
S5_child_bw_0_71_months,Dhaka,child,21.91282161077699,0.6675002178654965,113.4440281500778,0.4713,0.415,0.004369928531768848,0.935788293192704,0.9320265087675565,0.9367526846034205,0.989087093389297,0.9827137106322519,0.9361675704420476,23.416430586041272,0.716181580230105,121.10349937038607,0.4765,0.4223,0.00466789137943052
S5_child_bw_0_71_months,Chittagong,child,8.69134809443015,1.123946047150569,32.21583817334841,0.5242,0.3896,0.0012407738178746397,0.9370165815367791,0.9311971278111333,0.9280553343327487,0.9752558139534884,0.9657907783837383,0.9276262466323574,9.275554206496189,1.2069904573186454,34.71327299304937,0.5375,0.4034,0.001337579464120522
S5_child_bw_0_71_months,Rajshahi,child,3.208872356011757,0.0010501740265354926,16.885107494897298,0.1991,0.1594,0.0006493408637359384,0.9356706082408618,0.9303937601330112,0.9302340733964242,0.9793408755533693,0.973137973137973,0.9286129660632665,3.4294893178751256,0.0011287414764963141,18.151460990078807,0.2033,0.1638,0.0006992588812201647
S5_child_bw_0_71_months,Khulna,child,15.673180335256266,0.4844987749332052,78.52724470759007,0.4424,0.3858,0.0030243380879335815,0.9363842801577599,0.9283997097497717,0.9313676655543484,0.9857397504456329,0.9839326702371843,0.9316266774599493,16.737978912477775,0.5218644187898233,84.31390482173417,0.4488,0.3921,0.0032462982878284936
S5_child_bw_0_71_months,Barisal,child,34.062499695821145,1.7660582774722604,164.18922874285553,0.5517,0.4892,0.0063249894915203605,0.9361314270852795,0.9271803311979786,0.9375546889956884,0.988355428161949,0.98768423177872,0.9376155671608936,36.38645035332002,1.9047624480885996,175.12496142356832,0.5582,0.4953,0.006745823888859346
S5_child_bw_0_71_months,Sylhet,child,7.677697040817968,1.8961893033486534,32.983228377442565,0.5889,0.4901,0.0012708466333948695,0.9355826914981926,0.9296456454107114,0.9214553328968409,0.9823185988323602,0.9733862959285006,0.9212161465505122,8.206326507091864,2.0396904053812133,35.79471212538429,0.5995,0.5035,0.0013795314358671918
S5_child_bw_0_71_months,Rangpur,child,1.8748956335198887,0.16522333989130206,8.983028523305247,0.2894,0.2006,0.000346257162830365,0.937033998485457,0.9304345669148811,0.933951950581637,0.9672459893048128,0.959349593495935,0.934037302978123,2.0008832513551402,0.17757652796493445,9.618298369322842,0.2992,0.2091,0.0003707102079610144
S5_child_bw_0_71_months,Mymensingh,child,7.034037902120375,0.053558743528944214,35.4558685539617,0.3155,0.263,0.0013648445298475107,0.9366432879535154,0.9322705359223071,0.9353104328782924,0.9853216739537789,0.9842814371257486,0.9342965686198526,7.509836447436825,0.0574497868003067,37.908129010013305,0.3202,0.2672,0.0014608257973842992
S5_child_bw_0_71_months,Comilla,child,59.13026181434486,19.147838958081792,243.90035591629788,0.8471,0.7953,0.009403557923772298,0.9358753816660818,0.9317601727060411,0.939551336530911,0.9949494949494948,0.9928838951310861,0.940349634046228,63.18176861226852,20.550179669594765,259.5923675834967,0.8514,0.801,0.01000006548980059
S5_child_bw_0_71_months,Bogra,child,15.021789484886769,0.22955110213393598,31.451406139577287,0.3153,0.2384,0.00121194693637501,0.9363925835967908,0.9265042857696064,0.9454435478873533,0.9737492279184683,0.969499796665311,0.9450352008711546,16.042191862718905,0.2477604320451232,33.266297294912235,0.3238,0.2459,0.0012824357603376153
S6_ir_sa_log_space,Dhaka,adult,14.610870724888716,0.4319935060593524,74.81565831057071,0.4329,0.3757,0.03359481607342227,3.4884293637509614,3.0528680092257705,3.469240637888226,1.293783622235505,1.3997764530551413,3.4694441636950635,4.18838084460402,0.1415041543734834,21.56542774620328,0.3346,0.2684,0.009683054255481306
S6_ir_sa_log_space,Dhaka,child,81.86929732321524,2.1749928537686785,422.05572377188435,0.5522,0.5064,0.016272392911161553,3.496232998551803,3.0369293400004307,3.485082809052926,1.1588667366211962,1.199147525455837,3.4860264707245125,23.416430586041272,0.716181580230105,121.10349937038607,0.4765,0.4223,0.00466789137943052
S6_ir_sa_log_space,Chittagong,adult,6.359836053932551,0.7249214464839151,22.352979600963746,0.4374,0.3126,0.010050158696160525,3.485488144828778,3.155384337814367,3.354617003237124,1.884532529082292,2.1936842105263157,3.356435558941913,1.8246615078488448,0.2297410929617673,6.663347732213144,0.2321,0.1425,0.0029942951442597484
S6_ir_sa_log_space,Chittagong,child,31.941626553035434,3.8408150085754422,119.77088298469302,0.7311,0.6165,0.004618541168761174,3.4436353712067067,3.1821419840450877,3.450290700294228,1.360186046511628,1.5282597917699556,3.4529097467849748,9.275554206496189,1.2069904573186454,34.71327299304937,0.5375,0.4034,0.001337579464120522
S6_ir_sa_log_space,Rajshahi,adult,2.253104144766959,0.0005378249578205702,10.535481319740224,0.1737,0.1372,0.0047206877158557725,3.533389987745565,3.2608557902554183,3.3271048782022747,1.550892857142857,1.9460992907801418,3.3210782796826868,0.6376607599447361,0.0001649336837979097,3.166561231286713,0.112,0.0705,0.0014214322332404678
S6_ir_sa_log_space,Rajshahi,child,11.777253558326962,0.0035740810809665145,58.91042733169984,0.2577,0.2257,0.002270724907104821,3.4341129149875935,3.1664301838722992,3.2454923250474987,1.2675848499754057,1.377899877899878,3.2473308070718283,3.4294893178751256,0.0011287414764963141,18.151460990078807,0.2033,0.1638,0.0006992588812201647
S6_ir_sa_log_space,Khulna,adult,9.827199937093805,0.2864415634683122,52.09520565737958,0.4061,0.344,0.023387261143375145,3.4185836557829585,3.1586015118606707,3.3228310768339626,1.3518641810918774,1.489177489177489,3.3263449464087924,2.8746407654731154,0.09068619843076534,15.677957877719315,0.3004,0.231,0.0070309187772677135
S6_ir_sa_log_space,Khulna,child,57.99876848397184,1.6035402565463523,279.24961499817624,0.5344,0.4837,0.010769682903262164,3.4650998658347634,3.0727142890195114,3.3120232728942733,1.1907308377896613,1.2336138740117317,3.317527210497405,16.737978912477775,0.5218644187898233,84.31390482173417,0.4488,0.3921,0.0032462982878284936
S6_ir_sa_log_space,Barisal,adult,22.115927531526385,1.1645817231864042,109.08658466348308,0.5148,0.4547,0.04899856230548585,3.457010193466459,3.0674768460398076,3.402694011109327,1.2495145631067963,1.3456643977508138,3.403758704731541,6.397414613738818,0.3796546091912346,32.05888754831625,0.412,0.3379,0.014395427689211133
S6_ir_sa_log_space,Barisal,child,127.35008424087995,5.931051017306448,605.1801160953687,0.6391,0.5919,0.023334484906363896,3.4999315130847903,3.113800895885032,3.4557044933853933,1.1449301325689716,1.1950333131435493,3.4591008141941773,36.38645035332002,1.9047624480885996,175.12496142356832,0.5582,0.4953,0.006745823888859346
S6_ir_sa_log_space,Sylhet,adult,5.135876963682416,1.1579574635763872,22.753057934909346,0.5226,0.4044,0.01022083553372027,3.481617197497438,3.1112701535197664,3.444705881107719,1.5918367346938775,1.9659698590179873,3.4480059729286014,1.475141197996738,0.3721815870815316,6.605225154256889,0.3283,0.2057,0.0029642743121581928
S6_ir_sa_log_space,Sylhet,child,28.570199036893598,6.286776307797487,123.77674112666571,0.7267,0.6533,0.004772284050583555,3.4814845609912526,3.0822208562688727,3.457961631122822,1.2121768140116764,1.2975173783515392,3.45935143375956,8.206326507091864,2.0396904053812133,35.79471212538429,0.5995,0.5035,0.0013795314358671918
S6_ir_sa_log_space,Rangpur,adult,1.2734293573572588,0.0965947611706065,6.360143355505272,0.2346,0.1543,0.002858520544780685,3.4945088056261158,3.100157374201386,3.453511775412999,2.3483483483483485,3.4988662131519273,3.455993032298544,0.36440868465034437,0.031158018613648517,1.8416451916526837,0.0999,0.0441,0.0008271198807595723
S6_ir_sa_log_space,Rangpur,child,7.032779732224805,0.5394257863222187,32.78878428481701,0.4331,0.3536,0.0012645406476989656,3.5148376235653465,3.0377088261841547,3.4090005347926677,1.4475267379679142,1.6910569105691058,3.411129827404026,2.0008832513551402,0.17757652796493445,9.618298369322842,0.2992,0.2091,0.0003707102079610144
S6_ir_sa_log_space,Mymensingh,adult,4.7588059660144015,0.035084171281876825,23.988268034556878,0.2828,0.2277,0.010725874386361241,3.4773143481775417,3.076761803178789,3.3357311686115545,1.47985347985348,1.6488052136133238,3.3235043022922928,1.3685291260792942,0.011402953340628852,7.1913073392366975,0.1911,0.1381,0.003227278622435775
S6_ir_sa_log_space,Mymensingh,child,26.202576031830308,0.1813093582388129,130.96054212251101,0.3964,0.3509,0.005050312238763661,3.489100756751298,3.155962246979913,3.454682294869215,1.2379762648344785,1.313248502994012,3.4571625499813625,7.509836447436825,0.0574497868003067,37.908129010013305,0.3202,0.2672,0.0014608257973842992
S6_ir_sa_log_space,Comilla,adult,41.992002037610355,12.795706867430837,178.7763871575259,0.8264,0.7677,0.08029289131399968,3.4712309492914986,3.1369179141560237,3.482313246024708,1.1431733296444875,1.2275343779980814,3.4858593245173872,12.097150161149953,4.079069716707418,51.33839908331366,0.7229,0.6254,0.023033887440399255
S6_ir_sa_log_space,Comilla,child,217.94205798184097,63.789435632939615,908.3739477268923,0.9088,0.8767,0.035027098725319034,3.4494453505931357,3.104081650795489,3.4992321083350726,1.0674183697439512,1.0945068664169788,3.5026869335050232,63.18176861226852,20.550179669594765,259.5923675834967,0.8514,0.801,0.01000006548980059
S6_ir_sa_log_space,Bogra,adult,13.446108496009069,0.15512568199202947,21.787339441583264,0.2682,0.1984,0.009783990029626422,3.5123763272319217,3.170809311261257,3.31639335063506,1.7269800386349001,1.8699340245051836,3.315000006898071,3.8282083818182007,0.04892305615512556,6.569588446862367,0.1553,0.1061,0.002951429867048944
S6_ir_sa_log_space,Bogra,child,57.77146160410916,0.7759517163906298,113.84349418564851,0.466,0.3778,0.00439024982578744,3.601219964110178,3.1318629451264037,3.422187121590469,1.4391599752933912,1.5363969093127288,3.423368219731847,16.042191862718905,0.2477604320451232,33.266297294912235,0.3238,0.2459,0.0012824357603376153
